ID,Response,RT,Type,characterlist
sub-1,0,2.803980006,affiliation,Olivia
sub-1,0,8.327347221,affiliation,Olivia
sub-1,0,11.988,affiliation,Newcomb
sub-1,0,4.463432465,affiliation,Peter
sub-1,0,6.054203441,affiliation,Anthony
sub-1,0,9.112478262,affiliation,Anthony
sub-1,0,6.916886694,affiliation,Anthony
sub-1,0,5.893271268,affiliation,Newcomb
sub-1,0,7.270179908,affiliation,Anthony
sub-10,0,2.916629671,affiliation,Olivia
sub-10,0,3.281177614,affiliation,Peter
sub-10,0,1.898633503,affiliation,Olivia
sub-10,0,4.898747046,affiliation,Newcomb
sub-10,0,2.462013789,affiliation,Peter
sub-10,0,5.252780298,affiliation,Anthony
sub-10,0,4.782316391,affiliation,Anthony
sub-10,0,3.594153185,affiliation,Hayworth
sub-10,0,6.785899687,affiliation,Hayworth
sub-10,0,6.437583063,affiliation,Peter
sub-10,0,6.68378282,affiliation,Hayworth
sub-10,0,8.144782835,affiliation,Newcomb
sub-10,0,2.620102633,affiliation,Anthony
sub-11,0,3.552052303,affiliation,Olivia
sub-11,0,4.568068884,affiliation,Peter
sub-11,0,3.772151417,affiliation,Olivia
sub-11,0,4.596508525,affiliation,Newcomb
sub-11,0,7.089469579,affiliation,Olivia
sub-11,0,5.998865983,affiliation,Peter
sub-11,0,6.004215892,affiliation,Peter
sub-11,0,5.923587486,affiliation,Anthony
sub-11,0,3.841370539,affiliation,Hayworth
sub-11,0,6.575144503,affiliation,Hayworth
sub-11,0,5.940705996,affiliation,Newcomb
sub-11,0,5.408062453,affiliation,Anthony
sub-12,0,3.950911092,affiliation,Olivia
sub-12,0,4.524233269,affiliation,Olivia
sub-12,0,2.926341779,affiliation,Peter
sub-12,0,5.341658627,affiliation,Anthony
sub-12,0,4.738818859,affiliation,Hayworth
sub-12,0,5.522182094,affiliation,Hayworth
sub-12,0,3.781757416,affiliation,Anthony
sub-13,0,3.114876006,affiliation,Olivia
sub-13,0,11.17444928,affiliation,Olivia
sub-13,0,4.534168966,affiliation,Olivia
sub-13,0,2.048490516,affiliation,Newcomb
sub-13,0,3.889775016,affiliation,Newcomb
sub-13,0,2.881898957,affiliation,Peter
sub-13,0,6.599907403,affiliation,Peter
sub-13,0,3.638240073,affiliation,Anthony
sub-13,0,5.395331206,affiliation,Anthony
sub-13,0,3.626223935,affiliation,Anthony
sub-13,0,3.916839802,affiliation,Hayworth
sub-13,0,4.48822082,affiliation,Hayworth
sub-13,0,9.949100403,affiliation,Anthony
sub-13,0,6.622853619,affiliation,Peter
sub-13,0,4.040193784,affiliation,Newcomb
sub-13,0,5.093076148,affiliation,Anthony
sub-14,0,4.734179826,affiliation,Olivia
sub-14,0,2.714859574,affiliation,Olivia
sub-14,0,2.356458326,affiliation,Olivia
sub-14,0,3.365592171,affiliation,Olivia
sub-14,0,1.804000161,affiliation,Peter
sub-14,0,4.150687463,affiliation,Hayworth
sub-14,0,5.250767295,affiliation,Anthony
sub-14,0,3.390542311,affiliation,Hayworth
sub-14,0,5.737471509,affiliation,Hayworth
sub-14,0,2.958482843,affiliation,Peter
sub-14,0,3.390668196,affiliation,Newcomb
sub-14,0,2.995383887,affiliation,Anthony
sub-15,0,3.93630498,affiliation,Olivia
sub-15,0,8.622615955,affiliation,Olivia
sub-15,0,6.432310532,affiliation,Peter
sub-15,0,4.98113004,affiliation,Olivia
sub-15,0,4.261308083,affiliation,Olivia
sub-15,0,3.208582634,affiliation,Peter
sub-15,0,7.281286672,affiliation,Peter
sub-15,0,4.572711091,affiliation,Anthony
sub-15,0,6.710035064,affiliation,Peter
sub-15,0,5.070569646,affiliation,Peter
sub-15,0,3.340264026,affiliation,Newcomb
sub-16,0,5.999538071,affiliation,Olivia
sub-16,0,6.428550574,affiliation,Olivia
sub-16,0,4.99591105,affiliation,Olivia
sub-16,0,4.495142697,affiliation,Peter
sub-16,0,10.61254238,affiliation,Hayworth
sub-16,0,8.344106496,affiliation,Anthony
sub-16,0,7.259992821,affiliation,Hayworth
sub-16,0,11.988,affiliation,Peter
sub-16,0,9.561104341,affiliation,Newcomb
sub-17,0,5.241689516,affiliation,Olivia
sub-17,0,4.349382003,affiliation,Olivia
sub-17,0,5.172898472,affiliation,Peter
sub-17,0,8.648377467,affiliation,Anthony
sub-17,0,4.884879278,affiliation,Hayworth
sub-17,0,11.988,affiliation,Anthony
sub-17,0,9.258638065,affiliation,Hayworth
sub-17,0,6.579975006,affiliation,Newcomb
sub-17,0,11.988,affiliation,Newcomb
sub-17,0,4.903337381,affiliation,Anthony
sub-18,0,3.264701319,affiliation,Olivia
sub-18,0,4.172563838,affiliation,Peter
sub-18,0,3.376245797,affiliation,Olivia
sub-18,0,1.896333345,affiliation,Newcomb
sub-18,0,2.745018223,affiliation,Peter
sub-18,0,4.976702577,affiliation,Anthony
sub-18,0,3.300419685,affiliation,Anthony
sub-18,0,2.569622869,affiliation,Hayworth
sub-18,0,3.888717517,affiliation,Hayworth
sub-18,0,3.684306698,affiliation,Hayworth
sub-18,0,3.858382206,affiliation,Anthony
sub-19,0,2.708211475,affiliation,Olivia
sub-19,0,2.787736598,affiliation,Olivia
sub-19,0,4.049991996,affiliation,Olivia
sub-19,0,5.944585805,affiliation,Anthony
sub-19,0,3.917937089,affiliation,Anthony
sub-19,0,4.801279578,affiliation,Hayworth
sub-19,0,6.277810767,affiliation,Newcomb
sub-2,0,3.066074485,affiliation,Olivia
sub-2,0,5.107931791,affiliation,Peter
sub-2,0,3.432596906,affiliation,Newcomb
sub-2,0,3.297701832,affiliation,Olivia
sub-2,0,2.870893566,affiliation,Peter
sub-2,0,4.169178929,affiliation,Anthony
sub-2,0,4.121969853,affiliation,Anthony
sub-2,0,3.594113498,affiliation,Hayworth
sub-2,0,4.958788443,affiliation,Hayworth
sub-2,0,4.456249664,affiliation,Peter
sub-2,0,4.381666213,affiliation,Peter
sub-2,0,3.412543993,affiliation,Newcomb
sub-2,0,8.538796327,affiliation,Newcomb
sub-2,0,3.743595943,affiliation,Anthony
sub-20,0,2.613615479,affiliation,Olivia
sub-20,0,2.694244647,affiliation,Olivia
sub-20,0,2.965731219,affiliation,Peter
sub-20,0,6.31750351,affiliation,Anthony
sub-20,0,7.511800698,affiliation,Hayworth
sub-20,0,7.018457059,affiliation,Peter
sub-21,0,1.484281016,affiliation,Olivia
sub-21,0,3.509593312,affiliation,Olivia
sub-21,0,3.611067112,affiliation,Olivia
sub-21,0,2.765250884,affiliation,Newcomb
sub-21,0,2.021175387,affiliation,Olivia
sub-21,0,1.915120733,affiliation,Peter
sub-21,0,3.333734847,affiliation,Anthony
sub-21,0,3.836651699,affiliation,Anthony
sub-22,0,3.999345542,affiliation,Olivia
sub-22,0,3.045503527,affiliation,Olivia
sub-22,0,2.931187397,affiliation,Olivia
sub-22,0,4.804262017,affiliation,Newcomb
sub-22,0,2.589721058,affiliation,Peter
sub-22,0,5.673256853,affiliation,Anthony
sub-22,0,6.226411828,affiliation,Peter
sub-22,0,3.559544757,affiliation,Newcomb
sub-22,0,4.469171003,affiliation,Anthony
sub-23,0,3.264863969,affiliation,Olivia
sub-23,0,2.23587353,affiliation,Olivia
sub-23,0,3.086192737,affiliation,Olivia
sub-23,0,3.90299284,affiliation,Olivia
sub-23,0,2.586364638,affiliation,Newcomb
sub-23,0,3.225873301,affiliation,Olivia
sub-23,0,4.745422233,affiliation,Newcomb
sub-23,0,4.380113437,affiliation,Newcomb
sub-23,0,2.74889904,affiliation,Peter
sub-23,0,4.80863701,affiliation,Peter
sub-23,0,3.968228468,affiliation,Anthony
sub-23,0,2.459502069,affiliation,Anthony
sub-23,0,3.357444723,affiliation,Hayworth
sub-23,0,3.86964934,affiliation,Hayworth
sub-23,0,3.652376024,affiliation,Hayworth
sub-23,0,3.782440712,affiliation,Anthony
sub-23,0,3.129034692,affiliation,Hayworth
sub-23,0,2.891168169,affiliation,Newcomb
sub-23,0,3.529796698,affiliation,Newcomb
sub-23,0,3.478464774,affiliation,Anthony
sub-24,0,4.315371826,affiliation,Olivia
sub-24,0,5.04088105,affiliation,Olivia
sub-24,0,3.845416415,affiliation,Peter
sub-24,0,3.659158267,affiliation,Hayworth
sub-24,0,4.68699071,affiliation,Anthony
sub-24,0,2.975688794,affiliation,Anthony
sub-24,0,4.285825662,affiliation,Hayworth
sub-24,0,3.487756243,affiliation,Hayworth
sub-24,0,3.307308172,affiliation,Hayworth
sub-24,0,3.448834688,affiliation,Newcomb
sub-24,0,6.697024086,affiliation,Newcomb
sub-25,0,1.632912249,affiliation,Olivia
sub-25,0,5.254060477,affiliation,Olivia
sub-25,0,3.227855011,affiliation,Olivia
sub-25,0,3.323773288,affiliation,Newcomb
sub-25,0,2.911775129,affiliation,Olivia
sub-25,0,3.160384141,affiliation,Peter
sub-25,0,4.81830719,affiliation,Anthony
sub-25,0,4.512921488,affiliation,Newcomb
sub-25,0,3.33933923,affiliation,Anthony
sub-26,0,2.646069462,affiliation,Olivia
sub-26,0,3.986357586,affiliation,Peter
sub-26,0,3.016300444,affiliation,Olivia
sub-26,0,1.921007005,affiliation,Newcomb
sub-26,0,3.961334445,affiliation,Olivia
sub-26,0,3.879587861,affiliation,Newcomb
sub-26,0,3.789349544,affiliation,Peter
sub-26,0,3.721907942,affiliation,Anthony
sub-26,0,2.511390776,affiliation,Hayworth
sub-26,0,11.988,affiliation,Hayworth
sub-26,0,4.987984915,affiliation,Peter
sub-26,0,5.179609899,affiliation,Anthony
sub-27,0,3.412208879,affiliation,Olivia
sub-27,0,5.95170025,affiliation,Olivia
sub-27,0,2.740842882,affiliation,Olivia
sub-27,0,4.870425144,affiliation,Olivia
sub-27,0,4.656492601,affiliation,Olivia
sub-27,0,2.761701251,affiliation,Anthony
sub-27,0,3.838176884,affiliation,Anthony
sub-27,0,2.13957614,affiliation,Anthony
sub-27,0,2.919828938,affiliation,Hayworth
sub-27,0,3.406515168,affiliation,Hayworth
sub-27,0,4.139144536,affiliation,Peter
sub-27,0,3.070050241,affiliation,Peter
sub-27,0,2.710407428,affiliation,Hayworth
sub-27,0,4.662569254,affiliation,Newcomb
sub-28,0,1.991765387,affiliation,Olivia
sub-28,0,1.296309201,affiliation,Olivia
sub-28,0,2.042433435,affiliation,Olivia
sub-28,0,2.379570835,affiliation,Peter
sub-28,0,2.28919052,affiliation,Olivia
sub-28,0,2.385918896,affiliation,Olivia
sub-28,0,2.123256105,affiliation,Peter
sub-28,0,3.013988932,affiliation,Peter
sub-28,0,3.522680407,affiliation,Anthony
sub-28,0,4.265415068,affiliation,Anthony
sub-28,0,3.235274223,affiliation,Anthony
sub-28,0,1.616080539,affiliation,Anthony
sub-28,0,2.767219848,affiliation,Hayworth
sub-28,0,2.945622842,affiliation,Hayworth
sub-28,0,3.082026598,affiliation,Hayworth
sub-28,0,2.818479861,affiliation,Peter
sub-28,0,3.151543729,affiliation,Peter
sub-28,0,3.597158572,affiliation,Newcomb
sub-28,0,2.878094924,affiliation,Anthony
sub-29,0,4.564480991,affiliation,Olivia
sub-29,0,3.83393226,affiliation,Olivia
sub-29,0,6.106619778,affiliation,Olivia
sub-29,0,2.770622309,affiliation,Peter
sub-29,0,9.611953233,affiliation,Anthony
sub-29,0,4.674862319,affiliation,Anthony
sub-29,0,4.824232402,affiliation,Hayworth
sub-29,0,11.988,affiliation,Hayworth
sub-29,0,2.864713066,affiliation,Hayworth
sub-29,0,5.388997376,affiliation,Peter
sub-29,0,5.019366829,affiliation,Newcomb
sub-29,0,4.715949614,affiliation,Anthony
sub-3,0,1.445412798,affiliation,Olivia
sub-3,0,2.114559506,affiliation,Olivia
sub-3,0,2.55803772,affiliation,Olivia
sub-3,0,1.757519787,affiliation,Newcomb
sub-3,0,2.110406351,affiliation,Olivia
sub-3,0,1.354598935,affiliation,Peter
sub-3,0,2.539824283,affiliation,Anthony
sub-3,0,3.280299027,affiliation,Anthony
sub-3,0,2.109229069,affiliation,Anthony
sub-3,0,2.70744239,affiliation,Hayworth
sub-3,0,2.455770573,affiliation,Peter
sub-3,0,2.891692225,affiliation,Peter
sub-3,0,3.020996873,affiliation,Anthony
sub-30,0,3.076016294,affiliation,Olivia
sub-30,0,1.987561641,affiliation,Peter
sub-30,0,2.306918782,affiliation,Olivia
sub-30,0,2.483259234,affiliation,Olivia
sub-30,0,1.398647904,affiliation,Newcomb
sub-30,0,3.284421919,affiliation,Newcomb
sub-30,0,2.297143817,affiliation,Peter
sub-30,0,3.081973267,affiliation,Peter
sub-30,0,2.898441694,affiliation,Anthony
sub-30,0,2.218116594,affiliation,Anthony
sub-30,0,4.030164843,affiliation,Peter
sub-30,0,3.095646219,affiliation,Anthony
sub-31,0,4.637603238,affiliation,Olivia
sub-31,0,4.80272348,affiliation,Peter
sub-31,0,5.250920833,affiliation,Olivia
sub-31,0,6.924724106,affiliation,Newcomb
sub-31,0,3.041069518,affiliation,Peter
sub-31,0,8.446107258,affiliation,Peter
sub-31,0,7.343170368,affiliation,Anthony
sub-31,0,4.382794196,affiliation,Hayworth
sub-31,0,3.529607544,affiliation,Hayworth
sub-31,0,8.203738352,affiliation,Peter
sub-31,0,5.365273032,affiliation,Peter
sub-31,0,7.113759346,affiliation,Newcomb
sub-31,0,4.631906249,affiliation,Newcomb
sub-32,0,2.403655795,affiliation,Olivia
sub-32,0,3.126199604,affiliation,Olivia
sub-32,0,2.513062354,affiliation,Olivia
sub-32,0,2.826685087,affiliation,Olivia
sub-32,0,3.703243303,affiliation,Newcomb
sub-32,0,2.164296726,affiliation,Peter
sub-32,0,3.370779171,affiliation,Anthony
sub-32,0,2.536338972,affiliation,Anthony
sub-32,0,3.046143143,affiliation,Anthony
sub-32,0,4.862949305,affiliation,Hayworth
sub-32,0,4.699210419,affiliation,Peter
sub-32,0,3.315604795,affiliation,Newcomb
sub-32,0,4.872822588,affiliation,Anthony
sub-33,0,1.939044464,affiliation,Olivia
sub-33,0,3.770030071,affiliation,Olivia
sub-33,0,3.320943773,affiliation,Newcomb
sub-33,0,3.695797084,affiliation,Peter
sub-33,0,3.871000968,affiliation,Peter
sub-33,0,4.543252387,affiliation,Hayworth
sub-33,0,3.239283609,affiliation,Anthony
sub-33,0,4.596535676,affiliation,Anthony
sub-33,0,4.57940024,affiliation,Anthony
sub-33,0,3.725787888,affiliation,Newcomb
sub-33,0,4.242135224,affiliation,Anthony
sub-34,0,3.890558532,affiliation,Olivia
sub-34,0,2.253460586,affiliation,Olivia
sub-34,0,3.104112716,affiliation,Olivia
sub-34,0,2.841254528,affiliation,Peter
sub-34,0,4.452708735,affiliation,Peter
sub-34,0,4.346369594,affiliation,Peter
sub-34,0,4.004276542,affiliation,Anthony
sub-34,0,3.300047321,affiliation,Hayworth
sub-34,0,3.070513933,affiliation,Hayworth
sub-34,0,3.173459838,affiliation,Peter
sub-34,0,5.222090696,affiliation,Anthony
sub-34,0,4.887319742,affiliation,Peter
sub-34,0,3.256685976,affiliation,Anthony
sub-35,0,4.490572425,affiliation,Olivia
sub-35,0,3.014322256,affiliation,Olivia
sub-35,0,5.448406452,affiliation,Olivia
sub-35,0,3.241004028,affiliation,Peter
sub-35,0,4.167980871,affiliation,Olivia
sub-35,0,2.249408661,affiliation,Newcomb
sub-35,0,2.624404077,affiliation,Peter
sub-35,0,5.863761735,affiliation,Peter
sub-35,0,3.120671976,affiliation,Hayworth
sub-35,0,5.950272855,affiliation,Peter
sub-35,0,5.992971985,affiliation,Peter
sub-35,0,8.349106256,affiliation,Anthony
sub-36,0,3.564202789,affiliation,Olivia
sub-36,0,3.983277831,affiliation,Peter
sub-36,0,4.365921163,affiliation,Olivia
sub-36,0,3.982922393,affiliation,Newcomb
sub-36,0,4.068787518,affiliation,Newcomb
sub-36,0,3.079887205,affiliation,Peter
sub-36,0,3.996168108,affiliation,Anthony
sub-36,0,6.345155532,affiliation,Anthony
sub-36,0,3.839704069,affiliation,Anthony
sub-36,0,7.638148745,affiliation,Newcomb
sub-37,0,5.113000082,affiliation,Olivia
sub-37,0,9.099387645,affiliation,Olivia
sub-37,0,4.685603624,affiliation,Peter
sub-37,0,5.640720383,affiliation,Olivia
sub-37,0,3.64342672,affiliation,Olivia
sub-37,0,3.924592445,affiliation,Newcomb
sub-37,0,3.846769814,affiliation,Olivia
sub-37,0,5.582386909,affiliation,Peter
sub-37,0,10.59326304,affiliation,Peter
sub-37,0,5.464292918,affiliation,Anthony
sub-37,0,7.742599974,affiliation,Anthony
sub-37,0,2.903195277,affiliation,Hayworth
sub-37,0,4.213443463,affiliation,Peter
sub-37,0,4.320645812,affiliation,Peter
sub-37,0,4.680395467,affiliation,Anthony
sub-38,0,6.179518508,affiliation,Olivia
sub-38,0,6.654472809,affiliation,Olivia
sub-38,0,11.988,affiliation,Peter
sub-38,0,2.251273301,affiliation,Newcomb
sub-38,0,3.68571082,affiliation,Peter
sub-38,0,7.281199928,affiliation,Anthony
sub-38,0,5.687937598,affiliation,Anthony
sub-38,0,3.277773546,affiliation,Anthony
sub-38,0,5.237791685,affiliation,Hayworth
sub-38,0,5.814799417,affiliation,Hayworth
sub-38,0,6.026848984,affiliation,Peter
sub-38,0,5.270827691,affiliation,Newcomb
sub-38,0,7.649955077,affiliation,Newcomb
sub-38,0,5.056980482,affiliation,Anthony
sub-39,0,2.216789448,affiliation,Olivia
sub-39,0,5.915957906,affiliation,Olivia
sub-39,0,2.964283397,affiliation,Olivia
sub-39,0,1.588259749,affiliation,Olivia
sub-39,0,1.404333878,affiliation,Peter
sub-39,0,4.778981966,affiliation,Peter
sub-39,0,2.185808142,affiliation,Anthony
sub-39,0,1.67874275,affiliation,Hayworth
sub-39,0,3.505864025,affiliation,Hayworth
sub-39,0,2.029474572,affiliation,Hayworth
sub-39,0,2.756063959,affiliation,Peter
sub-39,0,2.117654982,affiliation,Peter
sub-39,0,4.653358186,affiliation,Newcomb
sub-39,0,3.044581048,affiliation,Newcomb
sub-39,0,8.18294348,affiliation,Newcomb
sub-39,0,1.921741887,affiliation,Anthony
sub-4,0,4.222596181,affiliation,Olivia
sub-4,0,1.824513788,affiliation,Olivia
sub-4,0,2.38235685,affiliation,Olivia
sub-4,0,1.573034407,affiliation,Peter
sub-4,0,1.586922253,affiliation,Olivia
sub-4,0,1.264864581,affiliation,Newcomb
sub-4,0,1.74139826,affiliation,Peter
sub-4,0,2.857713245,affiliation,Peter
sub-4,0,2.280463909,affiliation,Hayworth
sub-4,0,5.543960549,affiliation,Anthony
sub-4,0,3.504447142,affiliation,Anthony
sub-4,0,3.951215436,affiliation,Hayworth
sub-4,0,4.000999957,affiliation,Hayworth
sub-4,0,4.236594689,affiliation,Anthony
sub-4,0,3.04028093,affiliation,Peter
sub-4,0,3.47083348,affiliation,Newcomb
sub-4,0,2.933669082,affiliation,Anthony
sub-40,0,6.59780792,affiliation,Olivia
sub-40,0,4.845079014,affiliation,Olivia
sub-40,0,2.827019016,affiliation,Olivia
sub-40,0,7.461800266,affiliation,Olivia
sub-40,0,11.988,affiliation,Newcomb
sub-40,0,11.988,affiliation,Newcomb
sub-40,0,3.251812453,affiliation,Peter
sub-40,0,2.883514649,affiliation,Peter
sub-40,0,3.786620714,affiliation,Hayworth
sub-40,0,4.870057364,affiliation,Anthony
sub-40,0,4.026781281,affiliation,Anthony
sub-40,0,3.894580132,affiliation,Anthony
sub-40,0,3.981742183,affiliation,Hayworth
sub-40,0,3.768555778,affiliation,Hayworth
sub-40,0,5.259414176,affiliation,Hayworth
sub-40,0,3.769188726,affiliation,Peter
sub-40,0,5.930642652,affiliation,Newcomb
sub-40,0,9.244771391,affiliation,Newcomb
sub-6,0,3.915127702,affiliation,Olivia
sub-6,0,5.447679661,affiliation,Olivia
sub-6,0,3.275739675,affiliation,Newcomb
sub-6,0,5.22656626,affiliation,Peter
sub-6,0,5.716704109,affiliation,Anthony
sub-6,0,3.809407312,affiliation,Anthony
sub-6,0,6.926528848,affiliation,Hayworth
sub-6,0,4.582427785,affiliation,Peter
sub-6,0,6.114063999,affiliation,Peter
sub-6,0,4.93179059,affiliation,Hayworth
sub-6,0,5.536144062,affiliation,Newcomb
sub-7,0,5.01282889,affiliation,Olivia
sub-7,0,7.936601688,affiliation,Olivia
sub-7,0,5.075014202,affiliation,Peter
sub-7,0,4.212326905,affiliation,Olivia
sub-7,0,3.553973758,affiliation,Newcomb
sub-7,0,2.648594489,affiliation,Peter
sub-7,0,5.92386342,affiliation,Anthony
sub-7,0,5.473936888,affiliation,Anthony
sub-7,0,2.301195405,affiliation,Anthony
sub-7,0,5.513360812,affiliation,Hayworth
sub-7,0,4.704939415,affiliation,Peter
sub-7,0,5.763049892,affiliation,Newcomb
sub-7,0,8.756465134,affiliation,Anthony
sub-8,0,4.11302096,affiliation,Olivia
sub-8,0,6.021491969,affiliation,Olivia
sub-8,0,5.031084193,affiliation,Peter
sub-8,0,5.608371889,affiliation,Olivia
sub-8,0,1.896142835,affiliation,Newcomb
sub-8,0,5.176253543,affiliation,Olivia
sub-8,0,3.813811843,affiliation,Peter
sub-8,0,3.097311547,affiliation,Anthony
sub-8,0,5.76733136,affiliation,Anthony
sub-8,0,5.875879029,affiliation,Anthony
sub-8,0,3.454430502,affiliation,Hayworth
sub-8,0,3.453882183,affiliation,Hayworth
sub-8,0,3.594176611,affiliation,Peter
sub-8,0,2.395747376,affiliation,Newcomb
sub-8,0,3.589298163,affiliation,Newcomb
sub-8,0,8.509666097,affiliation,Anthony
sub-9,0,1.123799385,affiliation,Olivia
sub-9,0,2.209625158,affiliation,Olivia
sub-9,0,1.409232132,affiliation,Olivia
sub-9,0,1.25444517,affiliation,Peter
sub-9,0,1.95314116,affiliation,Peter
sub-9,0,2.069458025,affiliation,Hayworth
sub-9,0,3.172979499,affiliation,Hayworth
sub-9,0,1.200911654,affiliation,Peter
sub-9,0,2.064344735,affiliation,Peter
sub-9,0,2.14159664,affiliation,Anthony
sub-1,0,2.738738374,power,Olivia
sub-1,0,5.352258592,power,Peter
sub-1,0,2.888385701,power,Peter
sub-1,0,3.066253588,power,Peter
sub-1,0,9.20807503,power,Newcomb
sub-1,0,3.37071024,power,Newcomb
sub-1,0,4.53587512,power,Newcomb
sub-1,0,5.405370968,power,Olivia
sub-1,0,7.177161696,power,Peter
sub-1,0,5.475913705,power,Hayworth
sub-1,0,3.185709772,power,Anthony
sub-1,0,4.242004678,power,Hayworth
sub-1,0,2.688864525,power,Hayworth
sub-1,0,11.988,power,Newcomb
sub-1,0,4.203252571,power,Anthony
sub-10,0,5.043494972,power,Olivia
sub-10,0,1.47450772,power,Peter
sub-10,0,2.830264213,power,Peter
sub-10,0,3.789394475,power,Peter
sub-10,0,4.269680532,power,Peter
sub-10,0,4.242985299,power,Newcomb
sub-10,0,1.697519374,power,Newcomb
sub-10,0,2.284259841,power,Olivia
sub-10,0,6.884447363,power,Peter
sub-10,0,5.30739752,power,Hayworth
sub-10,0,2.423673022,power,Anthony
sub-10,0,2.138419154,power,Anthony
sub-10,0,3.228669748,power,Hayworth
sub-10,0,11.988,power,Anthony
sub-11,0,8.824756976,power,Peter
sub-11,0,3.520557234,power,Peter
sub-11,0,2.545021115,power,Newcomb
sub-11,0,5.241824216,power,Peter
sub-11,0,6.810987977,power,Hayworth
sub-11,0,3.064096298,power,Anthony
sub-11,0,5.040634203,power,Anthony
sub-11,0,6.762721373,power,Newcomb
sub-11,0,7.555790046,power,Anthony
sub-12,0,5.229918094,power,Olivia
sub-12,0,2.670874449,power,Peter
sub-12,0,4.466912159,power,Peter
sub-12,0,3.702231644,power,Newcomb
sub-12,0,4.626525422,power,Peter
sub-12,0,4.269887966,power,Hayworth
sub-12,0,3.68145473,power,Anthony
sub-12,0,4.921440399,power,Anthony
sub-13,0,3.949314089,power,Olivia
sub-13,0,1.990015995,power,Peter
sub-13,0,4.83400119,power,Peter
sub-13,0,3.626240508,power,Newcomb
sub-13,0,2.570959288,power,Newcomb
sub-13,0,3.949110276,power,Peter
sub-13,0,3.338895165,power,Hayworth
sub-13,0,6.08339751,power,Anthony
sub-13,0,7.805578476,power,Anthony
sub-13,0,5.32527885,power,Newcomb
sub-13,0,9.117593627,power,Anthony
sub-14,0,3.373449542,power,Olivia
sub-14,0,1.556660658,power,Peter
sub-14,0,2.894413344,power,Peter
sub-14,0,3.010147267,power,Peter
sub-14,0,2.621406477,power,Peter
sub-14,0,1.573443477,power,Newcomb
sub-14,0,3.207460606,power,Peter
sub-14,0,2.786628824,power,Hayworth
sub-14,0,4.583020209,power,Anthony
sub-14,0,4.834843946,power,Newcomb
sub-14,0,4.968370584,power,Anthony
sub-14,0,6.162127777,power,Anthony
sub-14,0,2.836952244,power,Anthony
sub-15,0,3.113588953,power,Olivia
sub-15,0,1.374151955,power,Peter
sub-15,0,5.995387766,power,Peter
sub-15,0,4.642481354,power,Newcomb
sub-15,0,3.749348011,power,Olivia
sub-15,0,4.228982248,power,Peter
sub-15,0,2.874016198,power,Anthony
sub-15,0,5.649178261,power,Hayworth
sub-15,0,3.458769168,power,Hayworth
sub-15,0,9.933930455,power,Anthony
sub-16,0,4.39287558,power,Peter
sub-16,0,11.10253546,power,Peter
sub-16,0,6.66314261,power,Olivia
sub-16,0,8.48944687,power,Peter
sub-16,0,4.42450147,power,Olivia
sub-16,0,4.610184433,power,Hayworth
sub-16,0,2.785564272,power,Anthony
sub-16,0,3.013038729,power,Anthony
sub-16,0,11.988,power,Hayworth
sub-16,0,11.988,power,Newcomb
sub-17,0,3.796789843,power,Peter
sub-17,0,3.927503653,power,Peter
sub-17,0,5.527878274,power,Peter
sub-17,0,3.232975991,power,Peter
sub-17,0,6.784252183,power,Newcomb
sub-17,0,4.002794139,power,Olivia
sub-17,0,5.375957003,power,Peter
sub-17,0,5.1307057,power,Olivia
sub-17,0,4.583824882,power,Anthony
sub-17,0,8.762362056,power,Anthony
sub-17,0,9.208091438,power,Newcomb
sub-17,0,4.847075533,power,Anthony
sub-18,0,1.276687133,power,Peter
sub-18,0,3.777629326,power,Peter
sub-18,0,3.408833979,power,Peter
sub-18,0,3.267165409,power,Hayworth
sub-18,0,2.211982217,power,Anthony
sub-18,0,4.233504917,power,Anthony
sub-18,0,4.033934475,power,Hayworth
sub-18,0,4.855385665,power,Hayworth
sub-18,0,4.411279733,power,Anthony
sub-18,0,4.525767859,power,Anthony
sub-19,0,4.104938267,power,Olivia
sub-19,0,3.199581514,power,Peter
sub-19,0,2.502319518,power,Peter
sub-19,0,3.307977196,power,Peter
sub-19,0,4.955345928,power,Newcomb
sub-19,0,2.931577392,power,Olivia
sub-19,0,2.346843756,power,Hayworth
sub-19,0,11.988,power,Anthony
sub-2,0,5.477426084,power,Olivia
sub-2,0,1.384526089,power,Peter
sub-2,0,4.163995597,power,Peter
sub-2,0,3.622330948,power,Newcomb
sub-2,0,4.707113516,power,Newcomb
sub-2,0,6.502088132,power,Peter
sub-2,0,4.626145006,power,Hayworth
sub-2,0,3.280327026,power,Anthony
sub-2,0,3.00786855,power,Anthony
sub-2,0,4.246028949,power,Hayworth
sub-2,0,6.246291604,power,Newcomb
sub-2,0,3.815423957,power,Anthony
sub-20,0,2.543072935,power,Olivia
sub-20,0,1.350981722,power,Peter
sub-20,0,1.362203775,power,Olivia
sub-20,0,2.136183,power,Peter
sub-20,0,1.21444681,power,Peter
sub-20,0,2.526064429,power,Newcomb
sub-20,0,3.283306311,power,Olivia
sub-20,0,5.596536097,power,Peter
sub-20,0,3.798084159,power,Hayworth
sub-20,0,2.896973625,power,Anthony
sub-20,0,7.642130952,power,Anthony
sub-20,0,11.988,power,Anthony
sub-20,0,5.281183906,power,Anthony
sub-21,0,1.894509534,power,Olivia
sub-21,0,1.768770712,power,Peter
sub-21,0,2.981928705,power,Peter
sub-21,0,3.942516293,power,Olivia
sub-21,0,3.954241178,power,Peter
sub-21,0,3.465319362,power,Olivia
sub-21,0,3.958511023,power,Peter
sub-21,0,2.66407434,power,Olivia
sub-21,0,3.251699793,power,Hayworth
sub-21,0,3.983131483,power,Anthony
sub-21,0,8.143043174,power,Anthony
sub-22,0,3.132442433,power,Olivia
sub-22,0,1.46616917,power,Peter
sub-22,0,2.816707653,power,Peter
sub-22,0,4.08151318,power,Newcomb
sub-22,0,3.166791611,power,Peter
sub-22,0,2.966042581,power,Olivia
sub-22,0,2.856364781,power,Anthony
sub-22,0,3.033768769,power,Hayworth
sub-22,0,6.89467879,power,Anthony
sub-22,0,5.426293419,power,Anthony
sub-23,0,3.324299041,power,Olivia
sub-23,0,1.579559122,power,Peter
sub-23,0,2.567825426,power,Olivia
sub-23,0,2.800690072,power,Olivia
sub-23,0,2.992801316,power,Peter
sub-23,0,2.975456772,power,Peter
sub-23,0,4.070381373,power,Newcomb
sub-23,0,2.793126429,power,Newcomb
sub-23,0,3.173081894,power,Olivia
sub-23,0,3.139296564,power,Peter
sub-23,0,2.599629399,power,Olivia
sub-23,0,3.653788962,power,Hayworth
sub-23,0,2.88771957,power,Anthony
sub-23,0,3.839282283,power,Hayworth
sub-23,0,2.385770478,power,Hayworth
sub-23,0,4.06039948,power,Newcomb
sub-23,0,6.502680421,power,Anthony
sub-23,0,4.146542146,power,Anthony
sub-24,0,4.713634833,power,Olivia
sub-24,0,2.177048839,power,Peter
sub-24,0,2.535807062,power,Olivia
sub-24,0,5.29768207,power,Peter
sub-24,0,4.207512866,power,Hayworth
sub-24,0,3.594793957,power,Anthony
sub-24,0,3.348427943,power,Newcomb
sub-24,0,4.440715672,power,Newcomb
sub-24,0,6.725639692,power,Anthony
sub-25,0,2.917284776,power,Olivia
sub-25,0,1.930079145,power,Peter
sub-25,0,3.683437032,power,Peter
sub-25,0,3.333891997,power,Peter
sub-25,0,2.911914765,power,Newcomb
sub-25,0,1.62182208,power,Newcomb
sub-25,0,2.942720478,power,Peter
sub-25,0,4.76797952,power,Anthony
sub-25,0,6.636798093,power,Hayworth
sub-25,0,3.048735955,power,Hayworth
sub-25,0,3.667439486,power,Hayworth
sub-25,0,5.251374943,power,Newcomb
sub-25,0,4.653839739,power,Anthony
sub-26,0,2.280142881,power,Olivia
sub-26,0,1.599708033,power,Peter
sub-26,0,2.984810653,power,Olivia
sub-26,0,4.399996826,power,Peter
sub-26,0,3.541176367,power,Newcomb
sub-26,0,3.335124395,power,Newcomb
sub-26,0,2.422898973,power,Newcomb
sub-26,0,2.987829411,power,Olivia
sub-26,0,4.745597484,power,Peter
sub-26,0,1.636761068,power,Olivia
sub-26,0,3.130121106,power,Hayworth
sub-26,0,5.016198538,power,Anthony
sub-26,0,3.35151123,power,Hayworth
sub-26,0,4.115057292,power,Hayworth
sub-26,0,3.143877769,power,Hayworth
sub-26,0,3.466426064,power,Newcomb
sub-26,0,7.472403987,power,Anthony
sub-26,0,5.68840118,power,Anthony
sub-27,0,2.270707802,power,Olivia
sub-27,0,1.190073753,power,Peter
sub-27,0,1.948012931,power,Olivia
sub-27,0,3.16143841,power,Peter
sub-27,0,1.28964758,power,Olivia
sub-27,0,2.697698749,power,Hayworth
sub-27,0,1.692173237,power,Anthony
sub-27,0,2.094077229,power,Anthony
sub-27,0,3.984458041,power,Hayworth
sub-27,0,4.210614062,power,Newcomb
sub-27,0,10.79179044,power,Anthony
sub-27,0,3.382151431,power,Anthony
sub-28,0,2.113761124,power,Olivia
sub-28,0,1.141659437,power,Peter
sub-28,0,4.788947424,power,Peter
sub-28,0,3.311048754,power,Peter
sub-28,0,5.03423082,power,Peter
sub-28,0,3.461138793,power,Newcomb
sub-28,0,2.122057956,power,Newcomb
sub-28,0,4.455378697,power,Peter
sub-28,0,2.40177527,power,Hayworth
sub-28,0,1.603873277,power,Anthony
sub-28,0,4.077841517,power,Hayworth
sub-28,0,2.153895142,power,Hayworth
sub-28,0,6.792592537,power,Hayworth
sub-28,0,6.210383283,power,Anthony
sub-28,0,3.637528132,power,Anthony
sub-29,0,6.689922298,power,Olivia
sub-29,0,1.927531491,power,Peter
sub-29,0,4.24644777,power,Olivia
sub-29,0,2.740409913,power,Peter
sub-29,0,4.884492315,power,Peter
sub-29,0,4.98985528,power,Newcomb
sub-29,0,2.657619362,power,Olivia
sub-29,0,3.113205602,power,Peter
sub-29,0,4.45395745,power,Olivia
sub-29,0,2.436248298,power,Anthony
sub-29,0,4.701110511,power,Anthony
sub-29,0,7.286022267,power,Hayworth
sub-29,0,4.960162852,power,Hayworth
sub-29,0,4.667957403,power,Newcomb
sub-29,0,7.357142857,power,Anthony
sub-29,0,4.290372226,power,Anthony
sub-3,0,2.552061089,power,Olivia
sub-3,0,1.060688939,power,Peter
sub-3,0,2.343222092,power,Olivia
sub-3,0,2.504024938,power,Peter
sub-3,0,1.944577056,power,Newcomb
sub-3,0,1.421780928,power,Newcomb
sub-3,0,1.506824817,power,Olivia
sub-3,0,3.401528912,power,Peter
sub-3,0,2.293033589,power,Hayworth
sub-3,0,1.94758626,power,Anthony
sub-3,0,4.036099333,power,Anthony
sub-3,0,3.440631226,power,Anthony
sub-3,0,1.743317288,power,Anthony
sub-30,0,3.932941387,power,Olivia
sub-30,0,1.273726566,power,Peter
sub-30,0,2.039353621,power,Olivia
sub-30,0,2.638534293,power,Peter
sub-30,0,2.123093004,power,Newcomb
sub-30,0,1.981104698,power,Newcomb
sub-30,0,2.27137693,power,Peter
sub-30,0,3.275503792,power,Hayworth
sub-30,0,1.935341242,power,Anthony
sub-30,0,3.050263629,power,Anthony
sub-30,0,6.951221171,power,Anthony
sub-30,0,5.302058187,power,Anthony
sub-31,0,5.297993988,power,Olivia
sub-31,0,2.495742924,power,Peter
sub-31,0,5.551325787,power,Peter
sub-31,0,6.118271962,power,Newcomb
sub-31,0,6.001878553,power,Olivia
sub-31,0,8.025506458,power,Peter
sub-31,0,4.951250947,power,Hayworth
sub-31,0,5.386257097,power,Anthony
sub-31,0,3.464698578,power,Anthony
sub-31,0,4.872373492,power,Hayworth
sub-31,0,4.255316568,power,Hayworth
sub-31,0,11.80657258,power,Anthony
sub-31,0,5.698192909,power,Anthony
sub-32,0,2.876434094,power,Olivia
sub-32,0,4.096299423,power,Peter
sub-32,0,3.123994688,power,Newcomb
sub-32,0,2.995565133,power,Peter
sub-32,0,2.295061313,power,Hayworth
sub-32,0,2.868907126,power,Anthony
sub-32,0,3.514079655,power,Anthony
sub-32,0,3.631909535,power,Hayworth
sub-32,0,7.337604939,power,Newcomb
sub-32,0,4.908503224,power,Anthony
sub-33,0,2.802467334,power,Olivia
sub-33,0,2.035304041,power,Peter
sub-33,0,2.64149332,power,Olivia
sub-33,0,2.410161231,power,Peter
sub-33,0,5.738473999,power,Peter
sub-33,0,3.381421866,power,Olivia
sub-33,0,3.708680661,power,Peter
sub-33,0,3.947287245,power,Hayworth
sub-33,0,2.878122426,power,Anthony
sub-33,0,4.027564797,power,Anthony
sub-33,0,6.67921561,power,Hayworth
sub-33,0,4.866039643,power,Hayworth
sub-33,0,3.346786387,power,Newcomb
sub-33,0,7.896557257,power,Anthony
sub-33,0,5.986200323,power,Anthony
sub-34,0,2.569563276,power,Olivia
sub-34,0,1.62959284,power,Peter
sub-34,0,3.168981246,power,Peter
sub-34,0,3.830020847,power,Newcomb
sub-34,0,2.887286596,power,Newcomb
sub-34,0,2.123690732,power,Olivia
sub-34,0,4.389181209,power,Hayworth
sub-34,0,4.235482747,power,Hayworth
sub-34,0,3.623981289,power,Hayworth
sub-34,0,5.161094961,power,Newcomb
sub-35,0,4.006371794,power,Olivia
sub-35,0,2.022975836,power,Peter
sub-35,0,3.872685068,power,Peter
sub-35,0,4.475699028,power,Peter
sub-35,0,2.694907784,power,Newcomb
sub-35,0,3.739616479,power,Peter
sub-35,0,2.628495848,power,Hayworth
sub-35,0,1.663873233,power,Anthony
sub-35,0,2.753748322,power,Anthony
sub-35,0,6.354994612,power,Newcomb
sub-36,0,4.052317824,power,Olivia
sub-36,0,1.861301877,power,Peter
sub-36,0,3.66210521,power,Peter
sub-36,0,3.388531688,power,Olivia
sub-36,0,3.835039296,power,Peter
sub-36,0,4.091340919,power,Hayworth
sub-36,0,3.12729307,power,Anthony
sub-36,0,3.793432574,power,Anthony
sub-36,0,4.831769828,power,Anthony
sub-36,0,8.491604183,power,Anthony
sub-36,0,5.894048737,power,Anthony
sub-37,0,5.410769143,power,Olivia
sub-37,0,4.451063776,power,Peter
sub-37,0,2.309029541,power,Peter
sub-37,0,5.322575686,power,Peter
sub-37,0,4.574831378,power,Newcomb
sub-37,0,5.564147781,power,Olivia
sub-37,0,7.801578385,power,Peter
sub-37,0,5.550653823,power,Hayworth
sub-37,0,3.763226674,power,Anthony
sub-37,0,4.781705229,power,Anthony
sub-37,0,5.076083875,power,Hayworth
sub-37,0,11.988,power,Anthony
sub-37,0,5.498591647,power,Anthony
sub-38,0,7.527132841,power,Olivia
sub-38,0,1.829937982,power,Peter
sub-38,0,4.635059818,power,Peter
sub-38,0,3.318628841,power,Newcomb
sub-38,0,4.667582061,power,Peter
sub-38,0,3.785458134,power,Olivia
sub-38,0,5.32530318,power,Hayworth
sub-38,0,2.250082865,power,Anthony
sub-38,0,4.065607616,power,Anthony
sub-38,0,7.512022133,power,Anthony
sub-38,0,5.672039849,power,Hayworth
sub-38,0,5.929876415,power,Hayworth
sub-38,0,4.40765659,power,Newcomb
sub-38,0,5.851958225,power,Newcomb
sub-38,0,6.782386485,power,Anthony
sub-39,0,1.649263241,power,Peter
sub-39,0,2.083511405,power,Olivia
sub-39,0,2.621802819,power,Peter
sub-39,0,4.11729355,power,Peter
sub-39,0,1.488117856,power,Peter
sub-39,0,1.641789166,power,Hayworth
sub-39,0,0.988272302,power,Anthony
sub-39,0,2.366921538,power,Anthony
sub-39,0,1.577213308,power,Hayworth
sub-39,0,4.002064927,power,Newcomb
sub-39,0,3.965177987,power,Anthony
sub-4,0,1.981371914,power,Olivia
sub-4,0,0.904874323,power,Peter
sub-4,0,1.372393279,power,Peter
sub-4,0,1.826955016,power,Peter
sub-4,0,1.881423779,power,Newcomb
sub-4,0,2.291978968,power,Peter
sub-4,0,2.897360869,power,Hayworth
sub-4,0,3.301904762,power,Anthony
sub-4,0,4.113162677,power,Newcomb
sub-4,0,11.988,power,Anthony
sub-4,0,6.476698116,power,Anthony
sub-40,0,4.517520847,power,Peter
sub-40,0,6.806588724,power,Olivia
sub-40,0,2.963647628,power,Peter
sub-40,0,7.138114541,power,Olivia
sub-40,0,9.348137969,power,Peter
sub-40,0,4.504637622,power,Newcomb
sub-40,0,5.838771397,power,Olivia
sub-40,0,6.14825793,power,Peter
sub-40,0,3.217982,power,Olivia
sub-40,0,2.809289772,power,Anthony
sub-40,0,3.811282765,power,Anthony
sub-40,0,3.864814298,power,Newcomb
sub-40,0,6.63946436,power,Newcomb
sub-40,0,4.856969269,power,Anthony
sub-6,0,4.492397767,power,Olivia
sub-6,0,1.947233425,power,Peter
sub-6,0,5.558851853,power,Olivia
sub-6,0,3.977878258,power,Peter
sub-6,0,4.645248864,power,Newcomb
sub-6,0,4.405456316,power,Newcomb
sub-6,0,2.636810049,power,Olivia
sub-6,0,5.038072345,power,Peter
sub-6,0,3.493226063,power,Olivia
sub-6,0,5.560429459,power,Hayworth
sub-6,0,3.492041272,power,Anthony
sub-6,0,4.912403387,power,Anthony
sub-6,0,6.381646951,power,Anthony
sub-6,0,5.66853283,power,Hayworth
sub-6,0,5.195377693,power,Newcomb
sub-6,0,7.021769478,power,Anthony
sub-6,0,6.073213742,power,Anthony
sub-7,0,3.477447537,power,Olivia
sub-7,0,1.77633542,power,Peter
sub-7,0,2.997982682,power,Peter
sub-7,0,4.995558797,power,Peter
sub-7,0,3.311233336,power,Peter
sub-7,0,4.196711288,power,Newcomb
sub-7,0,2.527470051,power,Newcomb
sub-7,0,3.541215039,power,Peter
sub-7,0,3.890417755,power,Hayworth
sub-7,0,2.677787953,power,Anthony
sub-7,0,6.123576532,power,Anthony
sub-7,0,4.467456504,power,Hayworth
sub-7,0,2.583904543,power,Hayworth
sub-7,0,6.635693313,power,Hayworth
sub-7,0,3.153297863,power,Hayworth
sub-7,0,10.24919506,power,Anthony
sub-8,0,4.842925969,power,Olivia
sub-8,0,1.628421657,power,Peter
sub-8,0,1.655841813,power,Olivia
sub-8,0,2.551476176,power,Peter
sub-8,0,6.129012113,power,Newcomb
sub-8,0,5.652948949,power,Newcomb
sub-8,0,2.981622339,power,Newcomb
sub-8,0,4.715206547,power,Olivia
sub-8,0,2.818254104,power,Peter
sub-8,0,3.023347084,power,Hayworth
sub-8,0,4.936902117,power,Anthony
sub-8,0,2.218086189,power,Hayworth
sub-8,0,5.34220857,power,Anthony
sub-9,0,2.620537507,power,Olivia
sub-9,0,1.246459819,power,Peter
sub-9,0,2.465968463,power,Olivia
sub-9,0,1.202833414,power,Olivia
sub-9,0,2.410383777,power,Peter
sub-9,0,2.248678835,power,Hayworth
sub-9,0,1.311717125,power,Hayworth
sub-9,0,1.852023824,power,Hayworth
sub-9,0,1.622436699,power,Newcomb
sub-1,1,3.466633216,affiliation,Olivia
sub-1,1,4.275837442,affiliation,Olivia
sub-1,1,4.292216291,affiliation,Olivia
sub-1,1,2.842232579,affiliation,Peter
sub-1,1,9.219612754,affiliation,Olivia
sub-1,1,2.534747169,affiliation,Newcomb
sub-1,1,3.311591011,affiliation,Newcomb
sub-1,1,3.847073704,affiliation,Peter
sub-1,1,3.579123922,affiliation,Hayworth
sub-1,1,6.509578032,affiliation,Anthony
sub-1,1,4.471272127,affiliation,Anthony
sub-1,1,3.89204021,affiliation,Hayworth
sub-1,1,2.789853504,affiliation,Hayworth
sub-1,1,6.094798135,affiliation,Hayworth
sub-1,1,2.978133832,affiliation,Hayworth
sub-1,1,4.848694079,affiliation,Peter
sub-1,1,4.714539862,affiliation,Peter
sub-1,1,5.949635505,affiliation,Peter
sub-1,1,3.265465,affiliation,Hayworth
sub-1,1,4.891194469,affiliation,Newcomb
sub-1,1,5.567295988,affiliation,Newcomb
sub-10,1,7.11254305,affiliation,Olivia
sub-10,1,3.595324579,affiliation,Olivia
sub-10,1,2.39437089,affiliation,Olivia
sub-10,1,5.127285268,affiliation,Olivia
sub-10,1,3.865125001,affiliation,Newcomb
sub-10,1,4.437144055,affiliation,Newcomb
sub-10,1,4.988201783,affiliation,Peter
sub-10,1,3.789957605,affiliation,Hayworth
sub-10,1,6.363117375,affiliation,Anthony
sub-10,1,4.196005059,affiliation,Anthony
sub-10,1,2.197209247,affiliation,Hayworth
sub-10,1,4.79090685,affiliation,Hayworth
sub-10,1,2.737354532,affiliation,Peter
sub-10,1,3.340671531,affiliation,Peter
sub-10,1,5.175241904,affiliation,Anthony
sub-10,1,4.375504816,affiliation,Newcomb
sub-10,1,4.785849263,affiliation,Newcomb
sub-11,1,8.945715277,affiliation,Olivia
sub-11,1,7.899467054,affiliation,Olivia
sub-11,1,5.434183282,affiliation,Olivia
sub-11,1,5.978587317,affiliation,Newcomb
sub-11,1,4.260188523,affiliation,Newcomb
sub-11,1,3.302673615,affiliation,Hayworth
sub-11,1,5.946138065,affiliation,Anthony
sub-11,1,4.943172201,affiliation,Anthony
sub-11,1,4.018361839,affiliation,Anthony
sub-11,1,4.212592597,affiliation,Hayworth
sub-11,1,3.21480245,affiliation,Hayworth
sub-11,1,4.646977224,affiliation,Hayworth
sub-11,1,4.013731974,affiliation,Peter
sub-11,1,5.521543152,affiliation,Peter
sub-11,1,6.594294441,affiliation,Anthony
sub-11,1,5.075764051,affiliation,Peter
sub-11,1,3.631180675,affiliation,Newcomb
sub-11,1,7.736403431,affiliation,Newcomb
sub-12,1,4.122990787,affiliation,Olivia
sub-12,1,2.438404463,affiliation,Olivia
sub-12,1,3.912731105,affiliation,Olivia
sub-12,1,3.946557327,affiliation,Peter
sub-12,1,5.054001571,affiliation,Olivia
sub-12,1,2.880907044,affiliation,Newcomb
sub-12,1,5.416620474,affiliation,Newcomb
sub-12,1,4.905911135,affiliation,Newcomb
sub-12,1,4.629934526,affiliation,Peter
sub-12,1,3.834091813,affiliation,Hayworth
sub-12,1,3.38588459,affiliation,Anthony
sub-12,1,5.29017439,affiliation,Anthony
sub-12,1,2.582645377,affiliation,Anthony
sub-12,1,3.377398503,affiliation,Hayworth
sub-12,1,3.636524238,affiliation,Hayworth
sub-12,1,3.807576052,affiliation,Hayworth
sub-12,1,2.608385732,affiliation,Peter
sub-12,1,4.010780568,affiliation,Peter
sub-12,1,5.58649631,affiliation,Anthony
sub-12,1,4.130695474,affiliation,Peter
sub-12,1,3.883057657,affiliation,Newcomb
sub-12,1,4.005133402,affiliation,Newcomb
sub-12,1,4.759486462,affiliation,Newcomb
sub-13,1,4.10430454,affiliation,Olivia
sub-13,1,5.840566219,affiliation,Peter
sub-13,1,5.299751828,affiliation,Olivia
sub-13,1,7.36234104,affiliation,Olivia
sub-13,1,4.452552526,affiliation,Newcomb
sub-13,1,3.344544447,affiliation,Hayworth
sub-13,1,6.115323477,affiliation,Anthony
sub-13,1,4.872731613,affiliation,Hayworth
sub-13,1,3.644820969,affiliation,Hayworth
sub-13,1,6.003475396,affiliation,Peter
sub-13,1,6.631479342,affiliation,Peter
sub-13,1,3.779513007,affiliation,Hayworth
sub-13,1,5.158142144,affiliation,Newcomb
sub-13,1,10.58709576,affiliation,Newcomb
sub-14,1,3.969206992,affiliation,Olivia
sub-14,1,3.092414991,affiliation,Olivia
sub-14,1,3.654855399,affiliation,Peter
sub-14,1,2.565081511,affiliation,Newcomb
sub-14,1,3.612419674,affiliation,Newcomb
sub-14,1,3.559912142,affiliation,Newcomb
sub-14,1,4.72395181,affiliation,Peter
sub-14,1,3.967507377,affiliation,Anthony
sub-14,1,4.902801051,affiliation,Anthony
sub-14,1,4.291665609,affiliation,Anthony
sub-14,1,2.714832775,affiliation,Hayworth
sub-14,1,4.444791067,affiliation,Hayworth
sub-14,1,4.723638686,affiliation,Peter
sub-14,1,4.391260945,affiliation,Peter
sub-14,1,4.500948188,affiliation,Anthony
sub-14,1,2.998085288,affiliation,Hayworth
sub-14,1,3.318224389,affiliation,Newcomb
sub-14,1,5.041708276,affiliation,Newcomb
sub-15,1,4.408903798,affiliation,Olivia
sub-15,1,2.832656308,affiliation,Olivia
sub-15,1,3.047199937,affiliation,Newcomb
sub-15,1,7.22765676,affiliation,Newcomb
sub-15,1,3.935180131,affiliation,Newcomb
sub-15,1,3.193152807,affiliation,Hayworth
sub-15,1,3.865875323,affiliation,Anthony
sub-15,1,3.098315688,affiliation,Anthony
sub-15,1,5.08145212,affiliation,Anthony
sub-15,1,4.645921488,affiliation,Hayworth
sub-15,1,2.830680241,affiliation,Hayworth
sub-15,1,5.468492942,affiliation,Hayworth
sub-15,1,5.535627743,affiliation,Hayworth
sub-15,1,6.560952715,affiliation,Peter
sub-15,1,4.880090735,affiliation,Anthony
sub-15,1,5.031856149,affiliation,Hayworth
sub-15,1,5.08987121,affiliation,Newcomb
sub-15,1,2.812980617,affiliation,Newcomb
sub-15,1,3.836393346,affiliation,Anthony
sub-16,1,6.059085607,affiliation,Olivia
sub-16,1,5.270342137,affiliation,Peter
sub-16,1,3.272953268,affiliation,Olivia
sub-16,1,2.921043352,affiliation,Newcomb
sub-16,1,8.946582716,affiliation,Olivia
sub-16,1,8.89960387,affiliation,Newcomb
sub-16,1,11.90251473,affiliation,Newcomb
sub-16,1,5.120205463,affiliation,Peter
sub-16,1,5.823864149,affiliation,Anthony
sub-16,1,4.379318856,affiliation,Anthony
sub-16,1,6.453882598,affiliation,Anthony
sub-16,1,5.615974056,affiliation,Hayworth
sub-16,1,7.321477283,affiliation,Hayworth
sub-16,1,3.805838355,affiliation,Hayworth
sub-16,1,3.166889873,affiliation,Peter
sub-16,1,6.360464058,affiliation,Peter
sub-16,1,5.500812783,affiliation,Anthony
sub-16,1,7.051589317,affiliation,Hayworth
sub-16,1,4.255656334,affiliation,Newcomb
sub-16,1,7.492558365,affiliation,Newcomb
sub-16,1,6.625624838,affiliation,Anthony
sub-17,1,7.613496567,affiliation,Olivia
sub-17,1,7.396816783,affiliation,Olivia
sub-17,1,5.572705449,affiliation,Peter
sub-17,1,3.138698828,affiliation,Olivia
sub-17,1,3.473977904,affiliation,Newcomb
sub-17,1,5.152066901,affiliation,Olivia
sub-17,1,7.408067742,affiliation,Newcomb
sub-17,1,4.839553855,affiliation,Newcomb
sub-17,1,6.764093054,affiliation,Peter
sub-17,1,8.15824264,affiliation,Hayworth
sub-17,1,7.771684904,affiliation,Anthony
sub-17,1,6.057091204,affiliation,Anthony
sub-17,1,2.429555886,affiliation,Anthony
sub-17,1,5.048432687,affiliation,Hayworth
sub-17,1,4.172467573,affiliation,Hayworth
sub-17,1,3.362227497,affiliation,Hayworth
sub-17,1,3.980076067,affiliation,Peter
sub-17,1,4.771727923,affiliation,Peter
sub-17,1,6.378558966,affiliation,Peter
sub-17,1,3.540130313,affiliation,Newcomb
sub-18,1,4.949197725,affiliation,Olivia
sub-18,1,3.6709083,affiliation,Olivia
sub-18,1,2.726131337,affiliation,Olivia
sub-18,1,3.407312083,affiliation,Olivia
sub-18,1,5.909450707,affiliation,Newcomb
sub-18,1,4.79103654,affiliation,Newcomb
sub-18,1,5.211405335,affiliation,Peter
sub-18,1,3.527352169,affiliation,Hayworth
sub-18,1,3.210273081,affiliation,Anthony
sub-18,1,3.622997134,affiliation,Anthony
sub-18,1,2.937600143,affiliation,Hayworth
sub-18,1,3.932144096,affiliation,Peter
sub-18,1,5.471818828,affiliation,Peter
sub-18,1,4.476598555,affiliation,Anthony
sub-18,1,4.230960078,affiliation,Peter
sub-18,1,4.806498454,affiliation,Hayworth
sub-18,1,3.182897287,affiliation,Newcomb
sub-18,1,3.939789191,affiliation,Newcomb
sub-18,1,4.792960067,affiliation,Newcomb
sub-19,1,4.163170934,affiliation,Olivia
sub-19,1,1.886879243,affiliation,Olivia
sub-19,1,4.14599423,affiliation,Olivia
sub-19,1,2.834526473,affiliation,Peter
sub-19,1,1.796375374,affiliation,Newcomb
sub-19,1,6.437866678,affiliation,Newcomb
sub-19,1,6.765892648,affiliation,Newcomb
sub-19,1,6.65142595,affiliation,Peter
sub-19,1,3.17407951,affiliation,Peter
sub-19,1,4.312488231,affiliation,Hayworth
sub-19,1,4.377871982,affiliation,Anthony
sub-19,1,2.752658207,affiliation,Anthony
sub-19,1,2.686471547,affiliation,Hayworth
sub-19,1,3.450171266,affiliation,Hayworth
sub-19,1,3.052906379,affiliation,Hayworth
sub-19,1,2.258414688,affiliation,Peter
sub-19,1,3.73406398,affiliation,Peter
sub-19,1,4.076049372,affiliation,Anthony
sub-19,1,5.154492665,affiliation,Peter
sub-19,1,3.310465617,affiliation,Hayworth
sub-19,1,2.410498622,affiliation,Newcomb
sub-19,1,4.360707619,affiliation,Newcomb
sub-19,1,3.906654739,affiliation,Anthony
sub-2,1,5.288129356,affiliation,Olivia
sub-2,1,5.999078706,affiliation,Olivia
sub-2,1,3.55538139,affiliation,Olivia
sub-2,1,3.563566815,affiliation,Olivia
sub-2,1,3.142249423,affiliation,Newcomb
sub-2,1,4.459328198,affiliation,Newcomb
sub-2,1,4.091569386,affiliation,Peter
sub-2,1,3.825178648,affiliation,Hayworth
sub-2,1,3.653289614,affiliation,Anthony
sub-2,1,3.549565197,affiliation,Anthony
sub-2,1,3.127712272,affiliation,Hayworth
sub-2,1,4.231886892,affiliation,Hayworth
sub-2,1,3.236508915,affiliation,Peter
sub-2,1,5.612324269,affiliation,Anthony
sub-2,1,4.885882698,affiliation,Hayworth
sub-2,1,5.45700252,affiliation,Newcomb
sub-20,1,2.048611145,affiliation,Olivia
sub-20,1,3.712837111,affiliation,Olivia
sub-20,1,3.281966717,affiliation,Peter
sub-20,1,2.006376735,affiliation,Olivia
sub-20,1,1.890374036,affiliation,Newcomb
sub-20,1,2.296283341,affiliation,Olivia
sub-20,1,2.128340081,affiliation,Newcomb
sub-20,1,5.715693313,affiliation,Newcomb
sub-20,1,5.249361586,affiliation,Peter
sub-20,1,5.13745877,affiliation,Hayworth
sub-20,1,3.85884333,affiliation,Anthony
sub-20,1,5.851697889,affiliation,Anthony
sub-20,1,5.072014722,affiliation,Anthony
sub-20,1,2.317569097,affiliation,Hayworth
sub-20,1,6.253997448,affiliation,Hayworth
sub-20,1,3.553478678,affiliation,Hayworth
sub-20,1,2.720351743,affiliation,Peter
sub-20,1,5.2199822,affiliation,Peter
sub-20,1,6.919528099,affiliation,Anthony
sub-20,1,7.034308979,affiliation,Hayworth
sub-20,1,5.075429823,affiliation,Newcomb
sub-20,1,7.233795638,affiliation,Newcomb
sub-20,1,5.100371165,affiliation,Newcomb
sub-20,1,5.861806022,affiliation,Anthony
sub-21,1,2.691860953,affiliation,Olivia
sub-21,1,2.853443698,affiliation,Peter
sub-21,1,2.59978582,affiliation,Olivia
sub-21,1,3.28088136,affiliation,Newcomb
sub-21,1,3.919088738,affiliation,Newcomb
sub-21,1,3.258219691,affiliation,Peter
sub-21,1,3.280587983,affiliation,Hayworth
sub-21,1,2.872652537,affiliation,Anthony
sub-21,1,2.776469057,affiliation,Anthony
sub-21,1,2.850688697,affiliation,Hayworth
sub-21,1,1.821866447,affiliation,Hayworth
sub-21,1,3.058102904,affiliation,Hayworth
sub-21,1,3.333499299,affiliation,Hayworth
sub-21,1,3.644130294,affiliation,Peter
sub-21,1,4.487062816,affiliation,Peter
sub-21,1,4.916943413,affiliation,Anthony
sub-21,1,8.126415495,affiliation,Peter
sub-21,1,4.533610091,affiliation,Hayworth
sub-21,1,5.039244566,affiliation,Newcomb
sub-21,1,4.608879121,affiliation,Newcomb
sub-21,1,6.788578296,affiliation,Newcomb
sub-21,1,4.871229725,affiliation,Anthony
sub-22,1,3.565512103,affiliation,Olivia
sub-22,1,3.901614424,affiliation,Olivia
sub-22,1,3.206219186,affiliation,Peter
sub-22,1,3.766750566,affiliation,Olivia
sub-22,1,2.213981355,affiliation,Newcomb
sub-22,1,3.038887012,affiliation,Newcomb
sub-22,1,2.647077118,affiliation,Peter
sub-22,1,4.717921503,affiliation,Hayworth
sub-22,1,3.740945664,affiliation,Anthony
sub-22,1,3.895018361,affiliation,Anthony
sub-22,1,2.306807916,affiliation,Anthony
sub-22,1,2.683380149,affiliation,Hayworth
sub-22,1,1.406345846,affiliation,Hayworth
sub-22,1,5.092558924,affiliation,Hayworth
sub-22,1,2.828231546,affiliation,Hayworth
sub-22,1,2.11508131,affiliation,Peter
sub-22,1,4.758862512,affiliation,Peter
sub-22,1,3.459728611,affiliation,Anthony
sub-22,1,3.48783258,affiliation,Hayworth
sub-22,1,2.54863336,affiliation,Newcomb
sub-22,1,4.99074908,affiliation,Newcomb
sub-23,1,2.398555679,affiliation,Peter
sub-23,1,3.140124862,affiliation,Olivia
sub-23,1,3.168934761,affiliation,Hayworth
sub-23,1,3.675624089,affiliation,Anthony
sub-23,1,3.598053905,affiliation,Anthony
sub-23,1,2.991862649,affiliation,Hayworth
sub-23,1,2.428806372,affiliation,Peter
sub-23,1,3.928137634,affiliation,Peter
sub-23,1,3.464046602,affiliation,Peter
sub-23,1,3.773262081,affiliation,Newcomb
sub-24,1,3.87750636,affiliation,Olivia
sub-24,1,2.424735405,affiliation,Olivia
sub-24,1,1.827042933,affiliation,Olivia
sub-24,1,4.324226049,affiliation,Peter
sub-24,1,2.963007967,affiliation,Olivia
sub-24,1,2.699809763,affiliation,Newcomb
sub-24,1,4.546900405,affiliation,Newcomb
sub-24,1,3.725324805,affiliation,Newcomb
sub-24,1,5.160442676,affiliation,Peter
sub-24,1,5.570607225,affiliation,Anthony
sub-24,1,3.387847042,affiliation,Anthony
sub-24,1,4.604201084,affiliation,Hayworth
sub-24,1,2.387758182,affiliation,Peter
sub-24,1,5.85441521,affiliation,Peter
sub-24,1,6.102592619,affiliation,Anthony
sub-24,1,4.998840947,affiliation,Peter
sub-24,1,4.293447135,affiliation,Hayworth
sub-24,1,2.022041761,affiliation,Newcomb
sub-24,1,5.220163368,affiliation,Anthony
sub-25,1,3.590009644,affiliation,Olivia
sub-25,1,3.214637853,affiliation,Peter
sub-25,1,2.67938299,affiliation,Olivia
sub-25,1,4.767906528,affiliation,Newcomb
sub-25,1,3.603794163,affiliation,Newcomb
sub-25,1,3.289095131,affiliation,Peter
sub-25,1,3.518321118,affiliation,Hayworth
sub-25,1,4.128111893,affiliation,Anthony
sub-25,1,4.796774256,affiliation,Anthony
sub-25,1,2.23193162,affiliation,Anthony
sub-25,1,3.614566272,affiliation,Hayworth
sub-25,1,3.384627997,affiliation,Hayworth
sub-25,1,3.823854214,affiliation,Hayworth
sub-25,1,3.215679485,affiliation,Hayworth
sub-25,1,2.659155446,affiliation,Peter
sub-25,1,5.390262118,affiliation,Peter
sub-25,1,4.137421344,affiliation,Anthony
sub-25,1,5.634849529,affiliation,Peter
sub-25,1,3.19888855,affiliation,Hayworth
sub-25,1,2.441164201,affiliation,Newcomb
sub-25,1,3.869657802,affiliation,Newcomb
sub-26,1,2.538659384,affiliation,Olivia
sub-26,1,3.680498319,affiliation,Olivia
sub-26,1,2.582664271,affiliation,Olivia
sub-26,1,2.889492178,affiliation,Newcomb
sub-26,1,4.462071239,affiliation,Peter
sub-26,1,2.813100794,affiliation,Hayworth
sub-26,1,3.2532484,affiliation,Anthony
sub-26,1,2.975638017,affiliation,Anthony
sub-26,1,3.404417943,affiliation,Anthony
sub-26,1,2.4975851,affiliation,Hayworth
sub-26,1,4.730639101,affiliation,Hayworth
sub-26,1,4.05490147,affiliation,Peter
sub-26,1,3.517300996,affiliation,Anthony
sub-26,1,6.967404048,affiliation,Peter
sub-26,1,4.143360832,affiliation,Hayworth
sub-26,1,3.113140816,affiliation,Newcomb
sub-26,1,4.879042714,affiliation,Newcomb
sub-26,1,5.21096358,affiliation,Newcomb
sub-27,1,4.224820659,affiliation,Olivia
sub-27,1,2.977127834,affiliation,Peter
sub-27,1,2.543574326,affiliation,Newcomb
sub-27,1,3.734474967,affiliation,Newcomb
sub-27,1,5.297099441,affiliation,Newcomb
sub-27,1,5.630024796,affiliation,Peter
sub-27,1,3.597747975,affiliation,Peter
sub-27,1,2.197107057,affiliation,Hayworth
sub-27,1,3.22190663,affiliation,Anthony
sub-27,1,1.994500581,affiliation,Hayworth
sub-27,1,2.821233624,affiliation,Hayworth
sub-27,1,6.046940411,affiliation,Peter
sub-27,1,3.004663716,affiliation,Anthony
sub-27,1,3.936097641,affiliation,Newcomb
sub-27,1,4.170886085,affiliation,Newcomb
sub-27,1,2.930985043,affiliation,Anthony
sub-28,1,2.554122062,affiliation,Olivia
sub-28,1,1.796502967,affiliation,Newcomb
sub-28,1,4.59972375,affiliation,Newcomb
sub-28,1,3.003613115,affiliation,Newcomb
sub-28,1,3.521130723,affiliation,Hayworth
sub-28,1,3.003645557,affiliation,Hayworth
sub-28,1,3.970766656,affiliation,Peter
sub-28,1,4.498462315,affiliation,Anthony
sub-28,1,3.296940718,affiliation,Hayworth
sub-28,1,2.970692883,affiliation,Newcomb
sub-28,1,5.607602829,affiliation,Newcomb
sub-29,1,6.312805093,affiliation,Olivia
sub-29,1,5.918542701,affiliation,Olivia
sub-29,1,5.489717066,affiliation,Peter
sub-29,1,5.225925455,affiliation,Olivia
sub-29,1,1.955925331,affiliation,Newcomb
sub-29,1,4.310448346,affiliation,Newcomb
sub-29,1,5.484355168,affiliation,Newcomb
sub-29,1,7.196618338,affiliation,Peter
sub-29,1,7.890953702,affiliation,Hayworth
sub-29,1,5.473216286,affiliation,Anthony
sub-29,1,2.8643322,affiliation,Anthony
sub-29,1,3.834243352,affiliation,Hayworth
sub-29,1,4.72807777,affiliation,Peter
sub-29,1,4.388450743,affiliation,Peter
sub-29,1,6.072979589,affiliation,Anthony
sub-29,1,4.199570159,affiliation,Hayworth
sub-29,1,3.783720184,affiliation,Newcomb
sub-29,1,4.038039034,affiliation,Newcomb
sub-3,1,2.602325589,affiliation,Olivia
sub-3,1,1.903682375,affiliation,Peter
sub-3,1,1.775862552,affiliation,Olivia
sub-3,1,1.594206383,affiliation,Newcomb
sub-3,1,2.990591517,affiliation,Newcomb
sub-3,1,2.622297617,affiliation,Peter
sub-3,1,1.60512369,affiliation,Hayworth
sub-3,1,1.792700937,affiliation,Anthony
sub-3,1,1.492173893,affiliation,Hayworth
sub-3,1,2.042067964,affiliation,Hayworth
sub-3,1,1.748337961,affiliation,Hayworth
sub-3,1,1.940154136,affiliation,Peter
sub-3,1,2.736860678,affiliation,Anthony
sub-3,1,2.371710197,affiliation,Hayworth
sub-3,1,1.931484287,affiliation,Newcomb
sub-3,1,2.252520225,affiliation,Newcomb
sub-3,1,1.797908712,affiliation,Newcomb
sub-30,1,3.138208979,affiliation,Olivia
sub-30,1,4.503034928,affiliation,Olivia
sub-30,1,3.027715214,affiliation,Olivia
sub-30,1,3.418548479,affiliation,Newcomb
sub-30,1,2.664786928,affiliation,Hayworth
sub-30,1,3.461041022,affiliation,Anthony
sub-30,1,3.781015459,affiliation,Anthony
sub-30,1,2.998568531,affiliation,Hayworth
sub-30,1,2.616984484,affiliation,Hayworth
sub-30,1,4.549337462,affiliation,Hayworth
sub-30,1,3.14480858,affiliation,Hayworth
sub-30,1,3.638849385,affiliation,Peter
sub-30,1,3.437989082,affiliation,Peter
sub-30,1,3.802429275,affiliation,Anthony
sub-30,1,3.771037395,affiliation,Hayworth
sub-30,1,2.420444364,affiliation,Newcomb
sub-30,1,3.997593479,affiliation,Newcomb
sub-30,1,3.424864097,affiliation,Newcomb
sub-31,1,5.356355794,affiliation,Olivia
sub-31,1,7.185601226,affiliation,Olivia
sub-31,1,3.76367384,affiliation,Olivia
sub-31,1,5.986751912,affiliation,Olivia
sub-31,1,5.727141826,affiliation,Newcomb
sub-31,1,5.113817565,affiliation,Newcomb
sub-31,1,5.592501075,affiliation,Hayworth
sub-31,1,4.850470372,affiliation,Anthony
sub-31,1,5.993059086,affiliation,Anthony
sub-31,1,3.23871846,affiliation,Anthony
sub-31,1,4.496704644,affiliation,Hayworth
sub-31,1,7.234537379,affiliation,Hayworth
sub-31,1,4.147963945,affiliation,Peter
sub-31,1,8.758128398,affiliation,Anthony
sub-31,1,5.512988993,affiliation,Hayworth
sub-31,1,6.942963892,affiliation,Newcomb
sub-31,1,11.99701618,affiliation,Anthony
sub-32,1,2.44066615,affiliation,Olivia
sub-32,1,3.822568281,affiliation,Olivia
sub-32,1,3.546691815,affiliation,Peter
sub-32,1,2.665450842,affiliation,Newcomb
sub-32,1,3.926133382,affiliation,Newcomb
sub-32,1,2.435999614,affiliation,Peter
sub-32,1,2.842690738,affiliation,Hayworth
sub-32,1,2.431499159,affiliation,Anthony
sub-32,1,2.570962109,affiliation,Hayworth
sub-32,1,2.80707181,affiliation,Hayworth
sub-32,1,4.122803547,affiliation,Hayworth
sub-32,1,2.545040509,affiliation,Peter
sub-32,1,4.684334555,affiliation,Peter
sub-32,1,3.472985991,affiliation,Anthony
sub-32,1,3.290688154,affiliation,Hayworth
sub-32,1,2.864265978,affiliation,Newcomb
sub-32,1,2.518547668,affiliation,Newcomb
sub-33,1,2.943821722,affiliation,Olivia
sub-33,1,1.973953573,affiliation,Olivia
sub-33,1,2.98600991,affiliation,Peter
sub-33,1,3.836617611,affiliation,Olivia
sub-33,1,5.042955483,affiliation,Olivia
sub-33,1,5.017349827,affiliation,Newcomb
sub-33,1,3.503082228,affiliation,Newcomb
sub-33,1,2.938180551,affiliation,Anthony
sub-33,1,2.34763549,affiliation,Anthony
sub-33,1,3.495292912,affiliation,Hayworth
sub-33,1,2.001648133,affiliation,Hayworth
sub-33,1,5.317232829,affiliation,Hayworth
sub-33,1,3.961190238,affiliation,Hayworth
sub-33,1,2.01888477,affiliation,Peter
sub-33,1,3.741903908,affiliation,Peter
sub-33,1,4.324628271,affiliation,Peter
sub-33,1,3.866870409,affiliation,Hayworth
sub-33,1,2.645699691,affiliation,Newcomb
sub-33,1,3.96148961,affiliation,Newcomb
sub-34,1,3.634122914,affiliation,Olivia
sub-34,1,2.577417121,affiliation,Olivia
sub-34,1,2.01606489,affiliation,Newcomb
sub-34,1,3.965174461,affiliation,Olivia
sub-34,1,4.650622228,affiliation,Newcomb
sub-34,1,5.530535597,affiliation,Newcomb
sub-34,1,3.086996322,affiliation,Hayworth
sub-34,1,3.642680582,affiliation,Anthony
sub-34,1,4.459473345,affiliation,Anthony
sub-34,1,2.697808413,affiliation,Anthony
sub-34,1,2.667590877,affiliation,Hayworth
sub-34,1,4.411756471,affiliation,Hayworth
sub-34,1,4.010349317,affiliation,Peter
sub-34,1,3.831613266,affiliation,Hayworth
sub-34,1,2.406659389,affiliation,Newcomb
sub-34,1,1.893561068,affiliation,Newcomb
sub-34,1,5.744455799,affiliation,Newcomb
sub-35,1,5.06238011,affiliation,Olivia
sub-35,1,7.82582188,affiliation,Olivia
sub-35,1,5.945181767,affiliation,Newcomb
sub-35,1,4.563536342,affiliation,Newcomb
sub-35,1,3.952420294,affiliation,Hayworth
sub-35,1,6.853594369,affiliation,Anthony
sub-35,1,5.418107813,affiliation,Anthony
sub-35,1,3.922512003,affiliation,Anthony
sub-35,1,3.037957838,affiliation,Anthony
sub-35,1,3.1483482,affiliation,Hayworth
sub-35,1,4.684004152,affiliation,Hayworth
sub-35,1,3.728630688,affiliation,Hayworth
sub-35,1,3.634227289,affiliation,Peter
sub-35,1,6.207350589,affiliation,Anthony
sub-35,1,3.648430712,affiliation,Hayworth
sub-35,1,3.473195093,affiliation,Newcomb
sub-35,1,5.073088039,affiliation,Newcomb
sub-35,1,4.93216208,affiliation,Newcomb
sub-36,1,3.863221525,affiliation,Olivia
sub-36,1,3.949563389,affiliation,Olivia
sub-36,1,2.875814193,affiliation,Olivia
sub-36,1,4.930249836,affiliation,Olivia
sub-36,1,4.345444326,affiliation,Newcomb
sub-36,1,5.007061161,affiliation,Peter
sub-36,1,3.630469094,affiliation,Hayworth
sub-36,1,3.897957852,affiliation,Anthony
sub-36,1,4.178370386,affiliation,Hayworth
sub-36,1,3.09298341,affiliation,Hayworth
sub-36,1,5.045424509,affiliation,Hayworth
sub-36,1,3.049173888,affiliation,Hayworth
sub-36,1,3.048842428,affiliation,Peter
sub-36,1,4.770993774,affiliation,Peter
sub-36,1,4.71477283,affiliation,Anthony
sub-36,1,5.708385168,affiliation,Peter
sub-36,1,4.340545414,affiliation,Hayworth
sub-36,1,2.78280469,affiliation,Newcomb
sub-36,1,5.953456637,affiliation,Newcomb
sub-36,1,5.873983052,affiliation,Anthony
sub-37,1,5.43563677,affiliation,Olivia
sub-37,1,11.10258906,affiliation,Newcomb
sub-37,1,8.288737828,affiliation,Newcomb
sub-37,1,4.258112666,affiliation,Hayworth
sub-37,1,6.126620982,affiliation,Anthony
sub-37,1,3.156360369,affiliation,Anthony
sub-37,1,5.881898957,affiliation,Hayworth
sub-37,1,8.186388903,affiliation,Hayworth
sub-37,1,4.270198975,affiliation,Hayworth
sub-37,1,8.409570597,affiliation,Peter
sub-37,1,5.567373171,affiliation,Anthony
sub-37,1,6.471966575,affiliation,Hayworth
sub-37,1,5.483260906,affiliation,Newcomb
sub-37,1,5.059380748,affiliation,Newcomb
sub-37,1,6.053564326,affiliation,Newcomb
sub-38,1,4.966128996,affiliation,Olivia
sub-38,1,3.011666342,affiliation,Olivia
sub-38,1,5.036550895,affiliation,Olivia
sub-38,1,4.56671695,affiliation,Olivia
sub-38,1,6.75800688,affiliation,Newcomb
sub-38,1,4.263560602,affiliation,Newcomb
sub-38,1,5.254909843,affiliation,Peter
sub-38,1,4.42553076,affiliation,Hayworth
sub-38,1,4.438663637,affiliation,Anthony
sub-38,1,4.351418015,affiliation,Hayworth
sub-38,1,4.451614564,affiliation,Hayworth
sub-38,1,4.622140627,affiliation,Peter
sub-38,1,6.695489249,affiliation,Peter
sub-38,1,6.493831314,affiliation,Anthony
sub-38,1,4.245351799,affiliation,Hayworth
sub-38,1,5.985245436,affiliation,Newcomb
sub-39,1,3.013689308,affiliation,Olivia
sub-39,1,2.316353754,affiliation,Peter
sub-39,1,5.351709277,affiliation,Olivia
sub-39,1,1.181172283,affiliation,Newcomb
sub-39,1,3.100282235,affiliation,Newcomb
sub-39,1,2.734523276,affiliation,Newcomb
sub-39,1,2.981535197,affiliation,Hayworth
sub-39,1,2.430997738,affiliation,Anthony
sub-39,1,3.174893227,affiliation,Anthony
sub-39,1,2.315414734,affiliation,Anthony
sub-39,1,1.753928862,affiliation,Hayworth
sub-39,1,4.055098211,affiliation,Peter
sub-39,1,3.892076549,affiliation,Anthony
sub-39,1,2.301454617,affiliation,Hayworth
sub-4,1,1.276354308,affiliation,Olivia
sub-4,1,1.602201594,affiliation,Olivia
sub-4,1,2.87836791,affiliation,Newcomb
sub-4,1,2.201836632,affiliation,Newcomb
sub-4,1,2.867373273,affiliation,Anthony
sub-4,1,4.164481798,affiliation,Anthony
sub-4,1,3.94213005,affiliation,Hayworth
sub-4,1,3.64807295,affiliation,Hayworth
sub-4,1,4.90819418,affiliation,Peter
sub-4,1,4.360512902,affiliation,Peter
sub-4,1,5.154423565,affiliation,Hayworth
sub-4,1,3.992702092,affiliation,Newcomb
sub-4,1,3.578501282,affiliation,Newcomb
sub-40,1,3.665242093,affiliation,Olivia
sub-40,1,10.50467288,affiliation,Peter
sub-40,1,3.233427341,affiliation,Olivia
sub-40,1,4.342465768,affiliation,Newcomb
sub-40,1,2.099846753,affiliation,Anthony
sub-40,1,4.488590363,affiliation,Hayworth
sub-40,1,4.501925996,affiliation,Peter
sub-40,1,6.263663214,affiliation,Anthony
sub-40,1,4.401958648,affiliation,Peter
sub-40,1,8.871488637,affiliation,Hayworth
sub-40,1,4.22638628,affiliation,Newcomb
sub-40,1,4.197312986,affiliation,Anthony
sub-6,1,3.693413443,affiliation,Olivia
sub-6,1,4.894936887,affiliation,Olivia
sub-6,1,3.408540299,affiliation,Peter
sub-6,1,4.408244806,affiliation,Olivia
sub-6,1,5.133077075,affiliation,Olivia
sub-6,1,4.822433314,affiliation,Newcomb
sub-6,1,4.381554566,affiliation,Newcomb
sub-6,1,6.568642247,affiliation,Peter
sub-6,1,4.714418802,affiliation,Hayworth
sub-6,1,5.052106477,affiliation,Anthony
sub-6,1,6.256954741,affiliation,Anthony
sub-6,1,4.729772425,affiliation,Hayworth
sub-6,1,5.050276046,affiliation,Hayworth
sub-6,1,4.869878555,affiliation,Hayworth
sub-6,1,6.262000329,affiliation,Peter
sub-6,1,6.318292363,affiliation,Anthony
sub-6,1,7.213070573,affiliation,Newcomb
sub-6,1,6.72313971,affiliation,Newcomb
sub-6,1,6.387034225,affiliation,Anthony
sub-7,1,6.313751369,affiliation,Olivia
sub-7,1,5.627745692,affiliation,Olivia
sub-7,1,6.244277829,affiliation,Olivia
sub-7,1,4.394483951,affiliation,Newcomb
sub-7,1,3.408913014,affiliation,Newcomb
sub-7,1,6.587303059,affiliation,Peter
sub-7,1,6.231030031,affiliation,Hayworth
sub-7,1,3.775553669,affiliation,Anthony
sub-7,1,3.961360295,affiliation,Hayworth
sub-7,1,3.639330551,affiliation,Hayworth
sub-7,1,3.216011041,affiliation,Hayworth
sub-7,1,3.778473686,affiliation,Peter
sub-7,1,6.777546657,affiliation,Peter
sub-7,1,9.142400253,affiliation,Anthony
sub-7,1,3.632412217,affiliation,Hayworth
sub-7,1,3.87548833,affiliation,Newcomb
sub-7,1,8.128941943,affiliation,Newcomb
sub-8,1,3.979500998,affiliation,Olivia
sub-8,1,4.086739402,affiliation,Olivia
sub-8,1,2.703147419,affiliation,Newcomb
sub-8,1,4.678514342,affiliation,Newcomb
sub-8,1,4.344415949,affiliation,Peter
sub-8,1,4.595615638,affiliation,Hayworth
sub-8,1,3.081976612,affiliation,Anthony
sub-8,1,1.94021248,affiliation,Hayworth
sub-8,1,2.605193757,affiliation,Hayworth
sub-8,1,2.635129832,affiliation,Peter
sub-8,1,5.0178438,affiliation,Peter
sub-8,1,3.976085909,affiliation,Anthony
sub-8,1,2.896714074,affiliation,Hayworth
sub-8,1,5.434676226,affiliation,Newcomb
sub-9,1,1.477568837,affiliation,Olivia
sub-9,1,4.334878028,affiliation,Olivia
sub-9,1,2.600820961,affiliation,Peter
sub-9,1,2.593465384,affiliation,Olivia
sub-9,1,2.881873155,affiliation,Newcomb
sub-9,1,2.991976567,affiliation,Newcomb
sub-9,1,2.790439018,affiliation,Newcomb
sub-9,1,1.452479122,affiliation,Hayworth
sub-9,1,1.673865448,affiliation,Anthony
sub-9,1,2.687404507,affiliation,Anthony
sub-9,1,2.08376473,affiliation,Anthony
sub-9,1,1.24936961,affiliation,Anthony
sub-9,1,1.259450207,affiliation,Hayworth
sub-9,1,2.195539896,affiliation,Hayworth
sub-9,1,3.232478227,affiliation,Peter
sub-9,1,1.422243677,affiliation,Anthony
sub-9,1,2.727659547,affiliation,Hayworth
sub-9,1,1.395243487,affiliation,Newcomb
sub-9,1,7.669091022,affiliation,Newcomb
sub-9,1,3.330672725,affiliation,Newcomb
sub-1,1,3.566964446,power,Olivia
sub-1,1,5.684518045,power,Peter
sub-1,1,2.807850062,power,Olivia
sub-1,1,7.925739646,power,Olivia
sub-1,1,1.821572581,power,Peter
sub-1,1,2.227552412,power,Olivia
sub-1,1,4.828653609,power,Anthony
sub-1,1,5.78097122,power,Hayworth
sub-1,1,8.265273897,power,Anthony
sub-1,1,5.716074907,power,Hayworth
sub-1,1,4.505775529,power,Hayworth
sub-1,1,5.940680335,power,Newcomb
sub-1,1,3.792418727,power,Newcomb
sub-1,1,10.47331471,power,Anthony
sub-1,1,6.955912567,power,Anthony
sub-10,1,1.551257662,power,Olivia
sub-10,1,2.84372643,power,Peter
sub-10,1,1.584358538,power,Olivia
sub-10,1,2.584614186,power,Olivia
sub-10,1,4.591448259,power,Newcomb
sub-10,1,3.540912228,power,Olivia
sub-10,1,7.724917373,power,Hayworth
sub-10,1,4.886326812,power,Anthony
sub-10,1,3.889146691,power,Hayworth
sub-10,1,6.44559382,power,Hayworth
sub-10,1,4.519882141,power,Hayworth
sub-10,1,3.791601859,power,Newcomb
sub-10,1,7.010394448,power,Newcomb
sub-10,1,5.507405842,power,Newcomb
sub-10,1,4.667722873,power,Anthony
sub-10,1,4.690016739,power,Anthony
sub-11,1,7.956876319,power,Olivia
sub-11,1,4.699263312,power,Olivia
sub-11,1,1.854563008,power,Peter
sub-11,1,7.605821147,power,Peter
sub-11,1,1.488890793,power,Olivia
sub-11,1,2.410870697,power,Olivia
sub-11,1,2.182858499,power,Peter
sub-11,1,3.785921474,power,Newcomb
sub-11,1,5.88853204,power,Newcomb
sub-11,1,4.773318932,power,Olivia
sub-11,1,3.058085232,power,Olivia
sub-11,1,4.361290593,power,Hayworth
sub-11,1,9.714575364,power,Anthony
sub-11,1,4.08330724,power,Hayworth
sub-11,1,4.118059787,power,Hayworth
sub-11,1,5.884172986,power,Hayworth
sub-11,1,3.315494426,power,Hayworth
sub-11,1,7.929199037,power,Newcomb
sub-11,1,5.882743828,power,Newcomb
sub-11,1,8.691393247,power,Anthony
sub-11,1,9.162014234,power,Anthony
sub-12,1,2.617770288,power,Olivia
sub-12,1,3.597849528,power,Peter
sub-12,1,3.812989433,power,Peter
sub-12,1,1.489131983,power,Olivia
sub-12,1,4.824971015,power,Olivia
sub-12,1,3.530715432,power,Peter
sub-12,1,3.974971579,power,Newcomb
sub-12,1,2.559280252,power,Newcomb
sub-12,1,4.032515191,power,Olivia
sub-12,1,2.908334673,power,Olivia
sub-12,1,3.296879055,power,Anthony
sub-12,1,4.980246733,power,Hayworth
sub-12,1,4.915889146,power,Anthony
sub-12,1,3.040797112,power,Hayworth
sub-12,1,4.584811505,power,Hayworth
sub-12,1,5.209783648,power,Hayworth
sub-12,1,4.014697793,power,Hayworth
sub-12,1,5.042789753,power,Newcomb
sub-12,1,4.463373292,power,Newcomb
sub-12,1,5.655940402,power,Newcomb
sub-12,1,6.085126392,power,Anthony
sub-12,1,5.677799146,power,Anthony
sub-13,1,6.183510136,power,Olivia
sub-13,1,3.368767842,power,Peter
sub-13,1,3.645477895,power,Peter
sub-13,1,5.544481258,power,Olivia
sub-13,1,4.489470848,power,Olivia
sub-13,1,3.204284229,power,Peter
sub-13,1,6.631443728,power,Newcomb
sub-13,1,2.871368395,power,Olivia
sub-13,1,2.925634429,power,Olivia
sub-13,1,2.880240245,power,Anthony
sub-13,1,5.194343243,power,Hayworth
sub-13,1,3.980947384,power,Hayworth
sub-13,1,6.279488324,power,Hayworth
sub-13,1,5.362660511,power,Hayworth
sub-13,1,4.760097195,power,Hayworth
sub-13,1,3.564937996,power,Newcomb
sub-13,1,7.618067545,power,Newcomb
sub-13,1,8.922086394,power,Anthony
sub-13,1,4.968688645,power,Anthony
sub-14,1,2.415160991,power,Olivia
sub-14,1,1.861540952,power,Olivia
sub-14,1,2.373214346,power,Olivia
sub-14,1,1.567317104,power,Peter
sub-14,1,3.249871295,power,Newcomb
sub-14,1,5.516297617,power,Newcomb
sub-14,1,2.138302486,power,Olivia
sub-14,1,2.741290354,power,Olivia
sub-14,1,2.293302811,power,Anthony
sub-14,1,5.599539976,power,Hayworth
sub-14,1,3.625545499,power,Anthony
sub-14,1,4.046799011,power,Hayworth
sub-14,1,6.271933852,power,Hayworth
sub-14,1,4.306691336,power,Hayworth
sub-14,1,3.383894065,power,Hayworth
sub-14,1,3.156050066,power,Newcomb
sub-14,1,7.31992612,power,Newcomb
sub-15,1,2.97630412,power,Olivia
sub-15,1,2.403840214,power,Peter
sub-15,1,3.462334481,power,Peter
sub-15,1,3.323751664,power,Olivia
sub-15,1,6.351733608,power,Olivia
sub-15,1,3.162193364,power,Peter
sub-15,1,3.539598566,power,Newcomb
sub-15,1,2.269901013,power,Newcomb
sub-15,1,2.344911874,power,Olivia
sub-15,1,3.73856568,power,Hayworth
sub-15,1,2.612323762,power,Anthony
sub-15,1,6.104516463,power,Hayworth
sub-15,1,3.812856496,power,Anthony
sub-15,1,5.320402153,power,Hayworth
sub-15,1,9.796296531,power,Hayworth
sub-15,1,7.427386584,power,Newcomb
sub-15,1,6.325314464,power,Newcomb
sub-15,1,5.238771961,power,Newcomb
sub-15,1,9.709570315,power,Anthony
sub-15,1,6.634152886,power,Anthony
sub-16,1,9.752046238,power,Olivia
sub-16,1,5.075274971,power,Olivia
sub-16,1,3.628928509,power,Peter
sub-16,1,5.078051127,power,Peter
sub-16,1,2.729587692,power,Olivia
sub-16,1,4.091441062,power,Olivia
sub-16,1,3.497544726,power,Peter
sub-16,1,7.844173141,power,Newcomb
sub-16,1,8.948592987,power,Newcomb
sub-16,1,2.980153995,power,Newcomb
sub-16,1,11.1696149,power,Hayworth
sub-16,1,6.494099655,power,Anthony
sub-16,1,8.282548689,power,Hayworth
sub-16,1,7.755710284,power,Hayworth
sub-16,1,5.995342279,power,Hayworth
sub-16,1,3.587791121,power,Newcomb
sub-16,1,7.253575892,power,Newcomb
sub-16,1,8.316306856,power,Anthony
sub-16,1,7.538377453,power,Anthony
sub-16,1,6.25993746,power,Anthony
sub-17,1,6.739775862,power,Olivia
sub-17,1,4.486914021,power,Olivia
sub-17,1,3.394621388,power,Olivia
sub-17,1,4.730328188,power,Olivia
sub-17,1,3.50896212,power,Peter
sub-17,1,8.065921445,power,Newcomb
sub-17,1,3.013628305,power,Newcomb
sub-17,1,4.03492674,power,Hayworth
sub-17,1,5.782458067,power,Anthony
sub-17,1,10.23947437,power,Hayworth
sub-17,1,7.622913916,power,Hayworth
sub-17,1,9.71803595,power,Hayworth
sub-17,1,5.324952679,power,Hayworth
sub-17,1,5.111339254,power,Hayworth
sub-17,1,4.506782241,power,Newcomb
sub-17,1,4.693743794,power,Newcomb
sub-17,1,6.662208527,power,Anthony
sub-17,1,7.916489653,power,Anthony
sub-18,1,4.691962724,power,Olivia
sub-18,1,3.917466403,power,Olivia
sub-18,1,1.980331362,power,Peter
sub-18,1,1.606766514,power,Olivia
sub-18,1,3.558644835,power,Olivia
sub-18,1,3.934475602,power,Peter
sub-18,1,1.784167203,power,Peter
sub-18,1,3.491126034,power,Newcomb
sub-18,1,4.804849616,power,Newcomb
sub-18,1,3.716175894,power,Newcomb
sub-18,1,2.561070842,power,Olivia
sub-18,1,1.985807155,power,Olivia
sub-18,1,4.954926698,power,Hayworth
sub-18,1,4.932165253,power,Anthony
sub-18,1,4.174091728,power,Hayworth
sub-18,1,5.205581508,power,Hayworth
sub-18,1,2.923784246,power,Newcomb
sub-18,1,8.497302478,power,Newcomb
sub-18,1,5.146824188,power,Newcomb
sub-18,1,5.32878175,power,Anthony
sub-19,1,1.753709007,power,Olivia
sub-19,1,1.32742652,power,Olivia
sub-19,1,2.934434299,power,Olivia
sub-19,1,2.206963209,power,Peter
sub-19,1,1.54400314,power,Peter
sub-19,1,5.720559082,power,Newcomb
sub-19,1,2.123406257,power,Newcomb
sub-19,1,4.561627668,power,Peter
sub-19,1,1.703315028,power,Olivia
sub-19,1,3.692043256,power,Hayworth
sub-19,1,1.807026891,power,Anthony
sub-19,1,3.933110573,power,Hayworth
sub-19,1,2.854924691,power,Anthony
sub-19,1,6.539627862,power,Anthony
sub-19,1,3.439238713,power,Hayworth
sub-19,1,5.374801741,power,Hayworth
sub-19,1,2.748678566,power,Hayworth
sub-19,1,4.590747528,power,Newcomb
sub-19,1,3.084956138,power,Newcomb
sub-19,1,4.026588418,power,Newcomb
sub-19,1,7.959832634,power,Anthony
sub-19,1,3.629290738,power,Anthony
sub-2,1,3.662615878,power,Olivia
sub-2,1,2.52518847,power,Peter
sub-2,1,1.813698698,power,Olivia
sub-2,1,2.516039086,power,Olivia
sub-2,1,4.036024225,power,Peter
sub-2,1,2.476929217,power,Peter
sub-2,1,3.888371035,power,Newcomb
sub-2,1,4.983381605,power,Olivia
sub-2,1,2.727187317,power,Olivia
sub-2,1,4.591456724,power,Hayworth
sub-2,1,4.902432206,power,Anthony
sub-2,1,4.717102418,power,Hayworth
sub-2,1,6.518585643,power,Hayworth
sub-2,1,4.888549694,power,Hayworth
sub-2,1,4.452522269,power,Newcomb
sub-2,1,6.147709632,power,Newcomb
sub-2,1,7.088568626,power,Anthony
sub-2,1,5.918006646,power,Anthony
sub-20,1,1.834287399,power,Olivia
sub-20,1,1.234501931,power,Olivia
sub-20,1,1.525033023,power,Peter
sub-20,1,1.841416267,power,Peter
sub-20,1,2.321433433,power,Newcomb
sub-20,1,1.353079797,power,Newcomb
sub-20,1,5.376539087,power,Olivia
sub-20,1,5.282656084,power,Hayworth
sub-20,1,5.893283835,power,Anthony
sub-20,1,3.089583538,power,Hayworth
sub-20,1,10.97969205,power,Hayworth
sub-20,1,4.902664519,power,Hayworth
sub-20,1,5.931981492,power,Hayworth
sub-20,1,4.903092949,power,Newcomb
sub-20,1,6.484474251,power,Newcomb
sub-20,1,10.14317893,power,Newcomb
sub-20,1,6.235935321,power,Anthony
sub-21,1,1.837873166,power,Olivia
sub-21,1,2.06276627,power,Peter
sub-21,1,1.514760569,power,Olivia
sub-21,1,4.005890828,power,Peter
sub-21,1,2.08244127,power,Newcomb
sub-21,1,3.332747518,power,Newcomb
sub-21,1,3.100111991,power,Newcomb
sub-21,1,1.844503786,power,Anthony
sub-21,1,2.413613293,power,Hayworth
sub-21,1,4.231202137,power,Anthony
sub-21,1,2.738339115,power,Hayworth
sub-21,1,4.584047443,power,Hayworth
sub-21,1,3.059019709,power,Hayworth
sub-21,1,6.571905058,power,Hayworth
sub-21,1,7.051754731,power,Newcomb
sub-21,1,6.3693605,power,Newcomb
sub-21,1,8.186955691,power,Newcomb
sub-21,1,6.473964486,power,Anthony
sub-21,1,6.224504167,power,Anthony
sub-22,1,3.71530896,power,Olivia
sub-22,1,3.161877181,power,Peter
sub-22,1,2.01217553,power,Olivia
sub-22,1,2.435751326,power,Olivia
sub-22,1,3.209314462,power,Peter
sub-22,1,1.629988216,power,Peter
sub-22,1,3.951887103,power,Newcomb
sub-22,1,2.709152611,power,Newcomb
sub-22,1,2.790051884,power,Olivia
sub-22,1,3.426081143,power,Hayworth
sub-22,1,2.13143571,power,Anthony
sub-22,1,3.698067727,power,Hayworth
sub-22,1,5.714516981,power,Anthony
sub-22,1,3.504113283,power,Hayworth
sub-22,1,3.969825109,power,Hayworth
sub-22,1,2.134449532,power,Hayworth
sub-22,1,2.634218568,power,Newcomb
sub-22,1,2.931134857,power,Newcomb
sub-22,1,5.008716352,power,Newcomb
sub-22,1,5.332663243,power,Anthony
sub-23,1,2.639380663,power,Peter
sub-23,1,2.568643146,power,Peter
sub-23,1,3.265081534,power,Olivia
sub-23,1,3.534494973,power,Newcomb
sub-23,1,3.494962332,power,Anthony
sub-23,1,4.457370849,power,Anthony
sub-23,1,3.50235425,power,Hayworth
sub-23,1,2.569222144,power,Hayworth
sub-23,1,3.60466407,power,Hayworth
sub-23,1,3.583174509,power,Newcomb
sub-23,1,4.28699741,power,Newcomb
sub-23,1,4.378809105,power,Anthony
sub-24,1,4.935096185,power,Olivia
sub-24,1,3.630322275,power,Peter
sub-24,1,4.878700323,power,Peter
sub-24,1,3.500772408,power,Olivia
sub-24,1,5.264762415,power,Olivia
sub-24,1,3.524152704,power,Peter
sub-24,1,2.349195944,power,Peter
sub-24,1,4.515704344,power,Newcomb
sub-24,1,6.098048439,power,Newcomb
sub-24,1,4.203161568,power,Newcomb
sub-24,1,2.462174909,power,Olivia
sub-24,1,2.659056008,power,Anthony
sub-24,1,5.147184967,power,Hayworth
sub-24,1,5.828975629,power,Anthony
sub-24,1,6.225016441,power,Hayworth
sub-24,1,3.372188361,power,Hayworth
sub-24,1,3.338104364,power,Hayworth
sub-24,1,4.070777363,power,Hayworth
sub-24,1,2.361241354,power,Newcomb
sub-24,1,6.983041924,power,Anthony
sub-24,1,4.698712418,power,Anthony
sub-25,1,4.259891006,power,Olivia
sub-25,1,1.965818328,power,Peter
sub-25,1,2.760891558,power,Olivia
sub-25,1,3.087283383,power,Olivia
sub-25,1,1.853677887,power,Peter
sub-25,1,5.69805796,power,Newcomb
sub-25,1,2.012894865,power,Olivia
sub-25,1,2.638506877,power,Olivia
sub-25,1,3.922243987,power,Hayworth
sub-25,1,3.929160577,power,Hayworth
sub-25,1,4.934513309,power,Anthony
sub-25,1,4.903002008,power,Anthony
sub-25,1,3.923724627,power,Hayworth
sub-25,1,2.599440396,power,Newcomb
sub-25,1,4.876146315,power,Newcomb
sub-25,1,5.136928385,power,Anthony
sub-25,1,6.043343377,power,Anthony
sub-26,1,1.85041124,power,Olivia
sub-26,1,2.13033585,power,Peter
sub-26,1,3.077831121,power,Peter
sub-26,1,3.208494553,power,Olivia
sub-26,1,2.218453173,power,Peter
sub-26,1,2.148799602,power,Anthony
sub-26,1,3.318793625,power,Hayworth
sub-26,1,5.082428899,power,Anthony
sub-26,1,4.222652141,power,Hayworth
sub-26,1,3.613349742,power,Newcomb
sub-26,1,4.293584656,power,Newcomb
sub-26,1,7.068982188,power,Anthony
sub-27,1,2.328357551,power,Olivia
sub-27,1,2.896794568,power,Peter
sub-27,1,3.556364107,power,Peter
sub-27,1,2.186955912,power,Olivia
sub-27,1,3.079580075,power,Olivia
sub-27,1,2.79084119,power,Peter
sub-27,1,1.713647628,power,Peter
sub-27,1,2.266514477,power,Newcomb
sub-27,1,4.887441042,power,Newcomb
sub-27,1,3.190728211,power,Newcomb
sub-27,1,2.774231506,power,Hayworth
sub-27,1,3.896427141,power,Anthony
sub-27,1,2.407027521,power,Hayworth
sub-27,1,4.371084185,power,Hayworth
sub-27,1,4.239227895,power,Hayworth
sub-27,1,2.412665519,power,Newcomb
sub-27,1,2.040791471,power,Newcomb
sub-27,1,7.738205305,power,Anthony
sub-28,1,1.509155447,power,Olivia
sub-28,1,4.950295893,power,Olivia
sub-28,1,3.386451308,power,Olivia
sub-28,1,2.251703453,power,Peter
sub-28,1,3.462446714,power,Newcomb
sub-28,1,3.129163304,power,Olivia
sub-28,1,1.69483489,power,Olivia
sub-28,1,5.640713272,power,Hayworth
sub-28,1,2.677177735,power,Anthony
sub-28,1,3.714989227,power,Anthony
sub-28,1,3.457636783,power,Hayworth
sub-28,1,2.878663334,power,Newcomb
sub-28,1,6.453129944,power,Newcomb
sub-28,1,4.258073734,power,Newcomb
sub-28,1,5.430771296,power,Anthony
sub-29,1,5.328625025,power,Peter
sub-29,1,2.72750136,power,Olivia
sub-29,1,3.119879421,power,Olivia
sub-29,1,2.090210992,power,Peter
sub-29,1,10.17631956,power,Newcomb
sub-29,1,5.587296501,power,Newcomb
sub-29,1,3.471330177,power,Hayworth
sub-29,1,4.985617314,power,Hayworth
sub-29,1,4.218193478,power,Anthony
sub-29,1,4.233360561,power,Hayworth
sub-29,1,3.901934816,power,Hayworth
sub-29,1,3.469791604,power,Newcomb
sub-29,1,6.903623159,power,Newcomb
sub-29,1,8.394268613,power,Anthony
sub-3,1,1.891026476,power,Olivia
sub-3,1,1.913376623,power,Peter
sub-3,1,2.305321948,power,Peter
sub-3,1,1.306860993,power,Olivia
sub-3,1,0.982925625,power,Peter
sub-3,1,2.507344794,power,Newcomb
sub-3,1,1.658355173,power,Olivia
sub-3,1,1.468582021,power,Anthony
sub-3,1,2.45052991,power,Hayworth
sub-3,1,3.001281723,power,Anthony
sub-3,1,1.735530068,power,Hayworth
sub-3,1,1.864909824,power,Hayworth
sub-3,1,4.093411528,power,Hayworth
sub-3,1,1.253941052,power,Hayworth
sub-3,1,2.151123263,power,Newcomb
sub-3,1,2.445843001,power,Newcomb
sub-3,1,3.424039941,power,Newcomb
sub-30,1,1.398565687,power,Peter
sub-30,1,2.419460868,power,Peter
sub-30,1,1.745103407,power,Olivia
sub-30,1,1.846804815,power,Olivia
sub-30,1,1.520701415,power,Peter
sub-30,1,3.790733538,power,Newcomb
sub-30,1,2.186250076,power,Olivia
sub-30,1,1.613521138,power,Olivia
sub-30,1,4.165349117,power,Hayworth
sub-30,1,3.746785972,power,Anthony
sub-30,1,3.212611149,power,Hayworth
sub-30,1,3.888156094,power,Hayworth
sub-30,1,2.627158092,power,Hayworth
sub-30,1,3.16885646,power,Hayworth
sub-30,1,2.84873981,power,Newcomb
sub-30,1,4.142107855,power,Newcomb
sub-30,1,4.353635069,power,Newcomb
sub-30,1,3.277995641,power,Anthony
sub-31,1,5.550080973,power,Olivia
sub-31,1,4.614189098,power,Peter
sub-31,1,4.89839903,power,Peter
sub-31,1,4.132499991,power,Olivia
sub-31,1,4.80192575,power,Olivia
sub-31,1,3.689399219,power,Peter
sub-31,1,7.327694415,power,Newcomb
sub-31,1,3.982455727,power,Newcomb
sub-31,1,3.10235648,power,Olivia
sub-31,1,5.933532462,power,Hayworth
sub-31,1,5.513317417,power,Anthony
sub-31,1,5.90079533,power,Hayworth
sub-31,1,3.368337292,power,Hayworth
sub-31,1,5.191152446,power,Newcomb
sub-31,1,7.453971227,power,Newcomb
sub-31,1,7.664213185,power,Newcomb
sub-31,1,8.828470812,power,Anthony
sub-32,1,2.268766644,power,Peter
sub-32,1,2.758461757,power,Olivia
sub-32,1,2.648191285,power,Peter
sub-32,1,2.297720753,power,Peter
sub-32,1,1.232847286,power,Olivia
sub-32,1,3.609100487,power,Olivia
sub-32,1,1.928398243,power,Peter
sub-32,1,3.820488192,power,Newcomb
sub-32,1,2.571904303,power,Newcomb
sub-32,1,3.160481407,power,Olivia
sub-32,1,1.546278901,power,Olivia
sub-32,1,3.398762172,power,Hayworth
sub-32,1,3.20452683,power,Anthony
sub-32,1,1.946855641,power,Hayworth
sub-32,1,3.628650999,power,Hayworth
sub-32,1,2.296220719,power,Hayworth
sub-32,1,2.403885349,power,Newcomb
sub-32,1,3.345961615,power,Newcomb
sub-32,1,5.88606654,power,Anthony
sub-32,1,7.040864815,power,Anthony
sub-33,1,3.134039344,power,Peter
sub-33,1,2.088854262,power,Olivia
sub-33,1,2.854220264,power,Olivia
sub-33,1,1.581876671,power,Peter
sub-33,1,4.285104459,power,Newcomb
sub-33,1,5.399085875,power,Newcomb
sub-33,1,2.464558086,power,Newcomb
sub-33,1,1.308756968,power,Olivia
sub-33,1,3.912289629,power,Hayworth
sub-33,1,4.340359232,power,Anthony
sub-33,1,4.349384471,power,Hayworth
sub-33,1,3.987043079,power,Hayworth
sub-33,1,4.481439638,power,Newcomb
sub-33,1,4.45516683,power,Newcomb
sub-33,1,4.958079096,power,Anthony
sub-34,1,2.529805327,power,Olivia
sub-34,1,1.760799609,power,Peter
sub-34,1,1.37584875,power,Olivia
sub-34,1,1.698114485,power,Olivia
sub-34,1,3.419629004,power,Peter
sub-34,1,2.195173304,power,Peter
sub-34,1,4.520190865,power,Newcomb
sub-34,1,5.329154819,power,Peter
sub-34,1,3.38557076,power,Olivia
sub-34,1,2.024336938,power,Anthony
sub-34,1,3.442275496,power,Hayworth
sub-34,1,2.842001018,power,Anthony
sub-34,1,4.17426839,power,Anthony
sub-34,1,3.224313948,power,Hayworth
sub-34,1,3.504722956,power,Hayworth
sub-34,1,3.939542359,power,Newcomb
sub-34,1,1.350913772,power,Newcomb
sub-34,1,3.927067113,power,Anthony
sub-34,1,5.674159784,power,Anthony
sub-34,1,5.220105461,power,Anthony
sub-35,1,3.034023687,power,Olivia
sub-35,1,2.273909919,power,Peter
sub-35,1,4.262171643,power,Peter
sub-35,1,2.929116524,power,Olivia
sub-35,1,3.177145394,power,Olivia
sub-35,1,4.072854959,power,Newcomb
sub-35,1,2.45702195,power,Newcomb
sub-35,1,2.190155913,power,Olivia
sub-35,1,1.695588335,power,Olivia
sub-35,1,3.57755041,power,Hayworth
sub-35,1,3.82060244,power,Anthony
sub-35,1,2.386475929,power,Hayworth
sub-35,1,2.666716386,power,Hayworth
sub-35,1,5.67550255,power,Hayworth
sub-35,1,4.26653775,power,Hayworth
sub-35,1,5.342806749,power,Newcomb
sub-35,1,5.445156026,power,Newcomb
sub-35,1,4.674922847,power,Anthony
sub-35,1,5.381421866,power,Anthony
sub-35,1,3.552013515,power,Anthony
sub-36,1,3.39892755,power,Olivia
sub-36,1,4.192430295,power,Peter
sub-36,1,4.036195105,power,Peter
sub-36,1,1.583882358,power,Olivia
sub-36,1,3.335422238,power,Olivia
sub-36,1,3.744103887,power,Peter
sub-36,1,3.844913284,power,Newcomb
sub-36,1,5.231607483,power,Newcomb
sub-36,1,3.02364334,power,Newcomb
sub-36,1,3.445474792,power,Olivia
sub-36,1,4.640196041,power,Hayworth
sub-36,1,4.796316631,power,Anthony
sub-36,1,3.850450433,power,Hayworth
sub-36,1,4.676569923,power,Hayworth
sub-36,1,5.408469726,power,Hayworth
sub-36,1,3.758237845,power,Hayworth
sub-36,1,3.458876011,power,Newcomb
sub-36,1,4.176432754,power,Newcomb
sub-36,1,5.787962422,power,Newcomb
sub-37,1,2.79660754,power,Olivia
sub-37,1,5.229911394,power,Peter
sub-37,1,2.541471317,power,Olivia
sub-37,1,1.820523101,power,Olivia
sub-37,1,4.813174204,power,Peter
sub-37,1,6.101175062,power,Newcomb
sub-37,1,9.054670486,power,Newcomb
sub-37,1,5.248327536,power,Olivia
sub-37,1,6.485436554,power,Hayworth
sub-37,1,6.920749269,power,Anthony
sub-37,1,5.855442083,power,Hayworth
sub-37,1,6.988837548,power,Hayworth
sub-37,1,3.4017097,power,Hayworth
sub-37,1,3.975059381,power,Newcomb
sub-37,1,3.917482976,power,Newcomb
sub-37,1,6.184898037,power,Newcomb
sub-37,1,6.841135343,power,Anthony
sub-38,1,2.742205395,power,Olivia
sub-38,1,2.335874646,power,Peter
sub-38,1,3.147418701,power,Peter
sub-38,1,1.689582205,power,Olivia
sub-38,1,2.98637099,power,Olivia
sub-38,1,3.16493179,power,Peter
sub-38,1,2.771717345,power,Newcomb
sub-38,1,4.406511289,power,Newcomb
sub-38,1,2.926694044,power,Olivia
sub-38,1,7.227566137,power,Hayworth
sub-38,1,6.856339142,power,Hayworth
sub-38,1,5.223142906,power,Hayworth
sub-38,1,6.960754404,power,Newcomb
sub-38,1,10.53056451,power,Anthony
sub-38,1,11.07772213,power,Anthony
sub-39,1,3.283147786,power,Olivia
sub-39,1,4.69046939,power,Peter
sub-39,1,2.637748877,power,Olivia
sub-39,1,3.189508861,power,Olivia
sub-39,1,1.752214789,power,Peter
sub-39,1,2.386399764,power,Newcomb
sub-39,1,2.508037205,power,Newcomb
sub-39,1,2.028835982,power,Newcomb
sub-39,1,1.649971297,power,Olivia
sub-39,1,3.281961229,power,Olivia
sub-39,1,2.021730392,power,Hayworth
sub-39,1,1.265172768,power,Anthony
sub-39,1,2.094355091,power,Hayworth
sub-39,1,1.247193519,power,Hayworth
sub-39,1,1.471386519,power,Hayworth
sub-39,1,3.817547716,power,Newcomb
sub-39,1,5.290791471,power,Newcomb
sub-39,1,8.454397419,power,Anthony
sub-39,1,7.561430512,power,Anthony
sub-4,1,1.215411158,power,Olivia
sub-4,1,1.045780249,power,Peter
sub-4,1,2.1729401,power,Peter
sub-4,1,1.766083418,power,Olivia
sub-4,1,1.226807111,power,Olivia
sub-4,1,2.500592641,power,Newcomb
sub-4,1,2.390763598,power,Newcomb
sub-4,1,1.485445739,power,Olivia
sub-4,1,2.180593992,power,Olivia
sub-4,1,1.671970142,power,Anthony
sub-4,1,3.173929835,power,Hayworth
sub-4,1,3.877230626,power,Anthony
sub-4,1,2.652862965,power,Hayworth
sub-4,1,4.445392354,power,Hayworth
sub-4,1,3.361987505,power,Hayworth
sub-4,1,3.733806587,power,Hayworth
sub-4,1,4.229602546,power,Newcomb
sub-4,1,5.140730822,power,Newcomb
sub-4,1,4.669224038,power,Anthony
sub-40,1,7.90810653,power,Olivia
sub-40,1,2.973526553,power,Peter
sub-40,1,4.577610002,power,Olivia
sub-40,1,5.817822052,power,Peter
sub-40,1,6.291000925,power,Newcomb
sub-40,1,1.849689485,power,Newcomb
sub-40,1,4.750975692,power,Hayworth
sub-40,1,4.721008866,power,Hayworth
sub-40,1,3.097828019,power,Anthony
sub-40,1,2.301456027,power,Hayworth
sub-40,1,7.855881444,power,Hayworth
sub-40,1,6.332702148,power,Hayworth
sub-40,1,4.193055838,power,Hayworth
sub-40,1,7.063969709,power,Newcomb
sub-40,1,5.811916066,power,Anthony
sub-40,1,5.749598016,power,Anthony
sub-6,1,5.721758865,power,Olivia
sub-6,1,3.359136626,power,Peter
sub-6,1,5.406199984,power,Peter
sub-6,1,2.085738677,power,Olivia
sub-6,1,2.158359318,power,Peter
sub-6,1,4.036995454,power,Newcomb
sub-6,1,5.203289347,power,Hayworth
sub-6,1,5.111196875,power,Hayworth
sub-6,1,5.479564293,power,Hayworth
sub-6,1,5.851443418,power,Hayworth
sub-6,1,5.772420673,power,Newcomb
sub-6,1,5.342168725,power,Newcomb
sub-6,1,5.032549667,power,Anthony
sub-7,1,3.947923847,power,Olivia
sub-7,1,3.881300858,power,Peter
sub-7,1,2.035535975,power,Olivia
sub-7,1,2.772544089,power,Olivia
sub-7,1,7.654908438,power,Newcomb
sub-7,1,4.309994242,power,Olivia
sub-7,1,2.615096989,power,Olivia
sub-7,1,4.030454068,power,Hayworth
sub-7,1,4.567434888,power,Anthony
sub-7,1,5.196417558,power,Newcomb
sub-7,1,5.012109552,power,Newcomb
sub-7,1,6.130746634,power,Newcomb
sub-7,1,7.452201613,power,Anthony
sub-7,1,4.816933203,power,Anthony
sub-8,1,5.264148821,power,Olivia
sub-8,1,2.946249625,power,Peter
sub-8,1,8.272003351,power,Peter
sub-8,1,4.784738269,power,Olivia
sub-8,1,2.931685863,power,Peter
sub-8,1,4.659919822,power,Olivia
sub-8,1,2.555192753,power,Anthony
sub-8,1,4.587213847,power,Hayworth
sub-8,1,4.980435432,power,Anthony
sub-8,1,3.2500826,power,Hayworth
sub-8,1,2.829982831,power,Hayworth
sub-8,1,3.81343948,power,Hayworth
sub-8,1,3.470088785,power,Newcomb
sub-8,1,5.901206407,power,Newcomb
sub-8,1,4.213583983,power,Newcomb
sub-8,1,6.377315411,power,Anthony
sub-8,1,3.250324495,power,Anthony
sub-9,1,1.803785901,power,Peter
sub-9,1,1.833687066,power,Peter
sub-9,1,0.825479567,power,Olivia
sub-9,1,1.994409972,power,Olivia
sub-9,1,6.487924828,power,Peter
sub-9,1,2.852621509,power,Peter
sub-9,1,1.225795441,power,Newcomb
sub-9,1,2.052238356,power,Newcomb
sub-9,1,1.36582188,power,Newcomb
sub-9,1,1.436864211,power,Olivia
sub-9,1,1.132297088,power,Anthony
sub-9,1,3.610669537,power,Hayworth
sub-9,1,2.512762069,power,Anthony
sub-9,1,1.55613988,power,Anthony
sub-9,1,0.904377486,power,Hayworth
sub-9,1,1.954249786,power,Hayworth
sub-9,1,1.446244512,power,Newcomb
sub-9,1,2.397049941,power,Newcomb
sub-9,1,2.081571456,power,Anthony
sub-9,1,1.750022479,power,Anthony
sub-9,1,2.674188092,power,Anthony
